Date;Open*;High;Low;Close**;Volume;Market Cap
28/04/2013;4,3;4,4;4,18;4,35;;73773400
29/04/2013;4,37;4,57;4,23;4,38;;74952704
30/04/2013;4,4;4,57;4,17;4,3;;75726800
01/05/2013;4,29;4,36;3,52;3,8;;73901200
02/05/2013;3,78;4,04;3,01;3,37;;65242700
03/05/2013;3,39;3,45;2,4;3,04;;58607400
04/05/2013;3,03;3,64;2,9;3,48;;52476400
05/05/2013;3,49;3,69;3,35;3,59;;60525000
06/05/2013;3,59;3,78;3,12;3,37;;62356000
07/05/2013;3,37;3,41;2,94;3,33;;58588300
08/05/2013;3,28;3,49;3,28;3,41;;57196300
09/05/2013;3,4;3,44;3,29;3,42;;59337100
10/05/2013;3,41;3,63;3,37;3,44;;59588000
11/05/2013;3,46;3,48;3,3;3,35;;60658000
12/05/2013;3,36;3,42;3,22;3,27;;59052900
13/05/2013;3,26;3,37;3,2;3,28;;57363200
14/05/2013;3,28;3,33;2,78;2,82;;57812000
15/05/2013;2,82;3,04;2,64;2,94;;49842500
16/05/2013;2,93;2,97;2,69;2,92;;51790900
17/05/2013;2,89;3,34;2,87;3,19;;51195900
18/05/2013;3,2;3,36;3,13;3,29;;56721100
19/05/2013;3,3;3,41;3,19;3,3;;58645400
20/05/2013;3,31;3,32;3,15;3,18;;58962900
21/05/2013;3,19;3,22;3,04;3,09;;56887600
22/05/2013;3,09;3,14;3,03;3,12;;55165300
23/05/2013;3,12;3,19;3,09;3,18;;55727000
24/05/2013;3,17;3,19;3,04;3,18;;56747200
25/05/2013;3,19;3,2;3,05;3,12;;57165800
26/05/2013;3,12;3,33;3,09;3,25;;56123900
27/05/2013;3,23;3,26;3,02;3,1;;58130800
28/05/2013;3,1;3,13;3,02;3,09;;55916500
29/05/2013;3,09;3,12;3,02;3,1;;55814300
30/05/2013;3,08;3,09;2,88;2,97;;55640200
31/05/2013;2,97;2,99;2,69;2,96;;53813700
01/06/2013;2,94;2,97;2,8;2,83;;53372200
02/06/2013;2,83;2,86;2,56;2,73;;51378100
03/06/2013;2,73;2,75;2,61;2,73;;49688400
04/06/2013;2,7;2,9;2,7;2,87;;49268800
05/06/2013;2,87;2,99;2,81;2,86;;52338100
06/06/2013;2,88;2,91;2,74;2,75;;52595600
07/06/2013;2,78;2,79;2,51;2,6;;50890900
08/06/2013;2,6;2,66;2,54;2,56;;47770700
09/06/2013;2,55;2,59;2,07;2,38;;46911500
10/06/2013;2,38;2,58;2,26;2,49;;43883900
11/06/2013;2,49;2,5;2,18;2,4;;45951500
12/06/2013;2,41;2,45;2,31;2,38;;44532400
13/06/2013;2,4;2,49;2,23;2,27;;44356700
14/06/2013;2,27;2,29;2,09;2,13;;42035700
15/06/2013;2,14;2,21;2,05;2,11;;39693000
16/06/2013;2,09;2,15;2,02;2,13;;38754600
17/06/2013;2,14;2,29;2,09;2,28;;39791100
18/06/2013;2,28;2,37;2,19;2,31;;42507000
19/06/2013;2,3;2,34;2,25;2,3;;43009600
20/06/2013;2,3;2,4;2,27;2,29;;42968900
21/06/2013;2,33;2,87;2,27;2,87;;43568400
22/06/2013;2,86;3,58;2,66;2,92;;53719800
23/06/2013;2,9;3,34;2,9;3,12;;54440600
24/06/2013;3,13;3,15;2,71;2,87;;58990400
25/06/2013;2,85;2,91;2,77;2,82;;53693400
26/06/2013;2,81;2,95;2,75;2,86;;52981700
27/06/2013;2,88;3,03;2,84;3,02;;54479500
28/06/2013;3,04;3,04;2,67;2,75;;57524700
29/06/2013;2,76;2,93;2,7;2,79;;52385700
30/06/2013;2,79;3;2,77;2,98;;52983200
01/07/2013;3,01;3,3;2,88;2,95;;57266300
02/07/2013;2,95;3,03;2,81;2,83;;56226500
03/07/2013;2,85;3,03;2,61;2,62;;54356500
04/07/2013;2,68;2,78;2,49;2,73;;51159000
05/07/2013;2,71;2,72;2,33;2,43;;51849500
06/07/2013;2,42;2,62;2,37;2,52;;46474600
07/07/2013;2,46;2,66;2,38;2,66;;47204600
08/07/2013;2,71;2,74;2,49;2,61;;52149300
09/07/2013;2,58;2,65;2,48;2,61;;49803200
10/07/2013;2,61;2,81;2,58;2,81;;50357000
11/07/2013;2,84;2,87;2,64;2,73;;54838700
12/07/2013;2,72;2,91;2,7;2,79;;52706200
13/07/2013;2,81;2,91;2,67;2,9;;54422000
14/07/2013;2,93;2,97;2,78;2,91;;56845500
15/07/2013;2,87;3,06;2,85;2,98;;55861000
16/07/2013;3;3,18;2,95;3,1;;58400000
17/07/2013;3,08;3,17;3,06;3,15;;59995800
18/07/2013;3,15;3,15;2,76;2,89;;61435200
19/07/2013;2,88;3,05;2,8;2,96;;56367600
20/07/2013;2,96;3,01;2,86;2,86;;58032500
21/07/2013;2,87;2,95;2,81;2,92;;56298200
22/07/2013;2,95;2,95;2,86;2,89;;57698700
23/07/2013;2,89;3,01;2,88;2,99;;56792800
24/07/2013;2,99;2,99;2,88;2,94;;58868500
25/07/2013;2,95;3,02;2,92;2,97;;58178300
26/07/2013;2,98;2,99;2,83;2,9;;58943000
27/07/2013;2,9;2,94;2,84;2,88;;57328700
28/07/2013;2,88;3,03;2,84;2,98;;57167200
29/07/2013;2,94;3,04;2,94;2,96;;58407100
30/07/2013;2,97;3;2,88;2,99;;59070500
31/07/2013;3;3,03;2,84;2,87;;59718400
01/08/2013;2,87;3,01;2,85;2,91;;57264600
02/08/2013;2,94;2,97;2,82;2,84;;58698900
03/08/2013;2,84;3,12;2,81;2,96;;56787100
04/08/2013;3,01;3,05;2,94;3,01;;60240700
05/08/2013;3;3,03;2,82;2,83;;60085300
06/08/2013;2,84;2,9;2,79;2,82;;57073600
07/08/2013;2,82;2,82;2,7;2,76;;56705800
08/08/2013;2,75;2,81;2,67;2,7;;55423400
09/08/2013;2,71;2,76;2,66;2,68;;54639500
10/08/2013;2,69;2,71;2,56;2,56;;54201200
11/08/2013;2,55;2,72;2,53;2,69;;51564700
12/08/2013;2,69;2,72;2,58;2,65;;54534200
13/08/2013;2,66;2,76;2,62;2,74;;53831200
14/08/2013;2,76;2,83;2,69;2,73;;56028000
15/08/2013;2,74;2,83;2,69;2,76;;55615700
16/08/2013;2,76;2,79;2,7;2,72;;56243000
17/08/2013;2,72;2,84;2,69;2,82;;55404000
18/08/2013;2,8;2,86;2,77;2,8;;57183000
19/08/2013;2,8;2,89;2,74;2,82;;57253600
20/08/2013;2,82;2,88;2,76;2,78;;57817600
21/08/2013;2,77;2,84;2,59;2,7;;56892500
22/08/2013;2,69;2,78;2,59;2,75;;55332200
23/08/2013;2,78;2,88;2,67;2,72;;57221800
24/08/2013;2,74;2,78;2,67;2,69;;56421100
25/08/2013;2,68;2,71;2,52;2,59;;55274700
26/08/2013;2,58;2,65;2,56;2,57;;53225200
27/08/2013;2,57;2,65;2,49;2,57;;53123200
28/08/2013;2,58;2,6;2,51;2,52;;53333500
29/08/2013;2,54;2,58;2,52;2,55;;52612100
30/08/2013;2,54;2,73;2,51;2,66;;52649500
31/08/2013;2,66;2,69;2,55;2,58;;55259800
01/09/2013;2,59;2,76;2,54;2,58;;53981600
02/09/2013;2,57;2,74;2,54;2,56;;53667700
03/09/2013;2,55;2,62;2,49;2,6;;53347900
04/09/2013;2,6;3,19;2,6;2,81;;54374100
05/09/2013;2,82;2,95;2,71;2,75;;58978900
06/09/2013;2,78;2,84;2,65;2,69;;58296100
07/09/2013;2,68;2,76;2,67;2,71;;56314500
08/09/2013;2,7;2,77;2,67;2,73;;56907400
09/09/2013;2,73;2,76;2,65;2,73;;57564700
10/09/2013;2,73;2,73;2,62;2,64;;57610700
11/09/2013;2,64;2,81;2,61;2,72;;55825700
12/09/2013;2,75;2,75;2,66;2,7;;58116300
13/09/2013;2,69;2,74;2,6;2,67;;56941900
14/09/2013;2,66;2,68;2,52;2,54;;56435100
15/09/2013;2,59;2,72;2,55;2,64;;54890100
16/09/2013;2,65;2,68;2,6;2,63;;56288200
17/09/2013;2,63;2,65;2,48;2,6;;56009200
18/09/2013;2,6;2,63;2,54;2,56;;55497300
19/09/2013;2,55;2,63;2,55;2,62;;54423900
20/09/2013;2,61;2,72;2,46;2,48;;55805000
21/09/2013;2,48;2,57;2,47;2,51;;53085600
22/09/2013;2,53;2,64;2,49;2,53;;54142400
23/09/2013;2,53;2,63;2,46;2,47;;54240500
24/09/2013;2,47;2,5;2,42;2,47;;53139300
25/09/2013;2,47;2,51;2,37;2,37;;53168400
26/09/2013;2,37;2,53;2,37;2,39;;51028000
27/09/2013;2,4;2,49;2,36;2,4;;51857200
28/09/2013;2,39;2,4;2,23;2,25;;51699800
29/09/2013;2,27;2,4;2,25;2,3;;49047900
30/09/2013;2,3;2,45;2,23;2,35;;49805700
01/10/2013;2,34;2,51;2,33;2,42;;50834400
02/10/2013;2,42;2,47;1,62;1,97;;52580700
03/10/2013;1,98;2,18;1,92;2,17;;43020500
04/10/2013;2,18;2,26;2,18;2,2;;47418000
05/10/2013;2,19;2,22;2,12;2,15;;47805900
06/10/2013;2,13;2,2;2,12;2,17;;46586200
07/10/2013;2,17;2,2;2,08;2,1;;47545900
08/10/2013;2,1;2,11;1,89;1,98;;45870300
09/10/2013;1,98;2;1,86;1,92;;43429000
10/10/2013;1,93;2,38;1,85;2,03;;42394000
11/10/2013;2,03;2,22;1,91;2,07;;44514200
12/10/2013;2,07;2,14;2,06;2,12;;45513300
13/10/2013;2,12;2,19;2,1;2,13;;46766600
14/10/2013;2,15;2,17;2,03;2,05;;47411600
15/10/2013;2,06;2,08;1,9;1,96;;45406100
16/10/2013;1,97;2,04;1,85;1,92;;43632900
17/10/2013;1,92;1,96;1,88;1,91;;42467400
18/10/2013;1,92;1,94;1,88;1,9;;42499100
19/10/2013;1,91;2;1,82;1,88;;42318300
20/10/2013;1,87;1,96;1,87;1,93;;41580100
21/10/2013;1,93;1,95;1,78;1,82;;43015300
22/10/2013;1,82;1,84;1,64;1,7;;40604700
23/10/2013;1,7;2,37;1,69;2,05;;37943700
24/10/2013;2,06;2,39;1,95;2,27;;45984300
25/10/2013;2,29;2,65;2,12;2,18;;51325700
26/10/2013;2,16;2,3;2,15;2,21;;48443500
27/10/2013;2,2;2,27;2,09;2,13;;49469600
28/10/2013;2,13;2,23;2,11;2,18;;47813500
29/10/2013;2,17;2,22;2,12;2,13;;48894400
30/10/2013;2,13;2,31;2,11;2,29;;47999300
31/10/2013;2,28;2,38;2,21;2,36;;51405800
01/11/2013;2,34;2,48;2,33;2,45;;52967400
02/11/2013;2,46;2,75;2,37;2,7;;55624300
03/11/2013;2,72;3,32;2,48;2,88;;61520100
04/11/2013;2,9;3,17;2,77;3,08;;65752700
05/11/2013;3,08;3,14;2,87;3,04;;69993504
06/11/2013;3,04;3,51;3;3,39;;69168896
07/11/2013;3,36;4,55;3,35;4,39;;76482000
08/11/2013;4,38;4,8;4,35;4,61;;99797696
09/11/2013;4,61;4,65;3,8;4,22;;105183000
10/11/2013;4,34;4,34;3,25;3,93;;99112704
11/11/2013;3,91;4,1;3,7;4;;89534800
12/11/2013;4,01;4,09;3,89;3,98;;91997296
13/11/2013;4,02;4,3;3,96;4,11;;92196096
14/11/2013;4,11;4,39;4,07;4,29;;94403200
15/11/2013;4,27;4,42;4,07;4,21;;98318096
16/11/2013;4,19;4,42;4,18;4,3;;96603200
17/11/2013;4,33;4,4;4,09;4,09;;99881504
18/11/2013;4,13;9,89;3,74;9,37;;95311600
19/11/2013;9,42;10,27;6,66;8,03;;217920992
20/11/2013;7,96;8,21;6;7,98;;184464000
21/11/2013;8,01;9,51;7,79;9,35;;185795008
22/11/2013;9,36;10,35;8,81;10,13;;217402000
23/11/2013;10,12;11,08;10,05;10,61;;235214000
24/11/2013;10,59;10,81;9,5;10,41;;246542000
25/11/2013;10,32;12,36;10,21;12,27;;240567008
26/11/2013;12,38;20,35;11,81;20,35;;288873984
27/11/2013;19,91;39,04;19,04;39,04;;465272992
28/11/2013;38,99;53,15;36,86;43,39;;912390016
29/11/2013;44,37;47,94;28,61;37,74;;1039720000
30/11/2013;36,94;43,78;35,01;40,47;;866912000
01/12/2013;40,57;42,03;27,86;34,74;;953396992
02/12/2013;34,47;35,82;27,25;33,18;;811081984
03/12/2013;33,35;39,79;31,12;39,79;;785825984
04/12/2013;39,32;45,73;37,9;44,73;;927859008
05/12/2013;44,53;44,53;31,14;37,75;;1052120000
06/12/2013;37,46;37,64;29,06;29,84;;886329984
07/12/2013;29,74;30,74;20,8;23,29;;704611008
08/12/2013;23,18;27,48;21,2;27,27;;549988992
09/12/2013;27,21;33,02;26,45;31,57;;646640000
10/12/2013;31,5;36,69;31,5;36,29;;749614016
11/12/2013;36,29;37,17;28,95;30,98;;864654016
12/12/2013;31,23;32,44;29,84;31,59;;745196992
13/12/2013;31,65;33,73;29,9;31,2;;756153024
14/12/2013;31,45;31,83;29,82;30,38;;752324992
15/12/2013;30,46;31,71;28,22;31,28;;729656000
16/12/2013;31,39;31,6;23,76;24,64;;752924992
17/12/2013;24,43;26,12;19,79;21,97;;586726016
18/12/2013;21,85;21,9;9,63;13,39;;525407008
19/12/2013;13,43;20,11;13,43;19,91;;323025984
20/12/2013;19,85;21,95;16,88;17,57;;478564000
21/12/2013;17,31;18,97;16,05;16,73;;417608992
22/12/2013;16,6;18,23;16,19;16,86;;401059008
23/12/2013;16,74;18,04;16,69;17,89;;404707008
24/12/2013;17,81;18,11;17,09;17,64;;431172992
25/12/2013;17,65;21,15;17,09;21,15;;427761984
26/12/2013;21,65;25,42;21,65;24,76;;525225984
27/12/2013;24,81;25,27;22,26;23,27;31112200;602608000
28/12/2013;23,19;23,22;21,93;22,56;11003700;564204032
29/12/2013;22,56;24,39;22,2;24,07;11384200;549577024
30/12/2013;23,89;24,95;23,74;24,38;12439600;582721024
31/12/2013;24,51;24,6;23,71;24,35;7446870;598380992
01/01/2014;24,35;25,01;24,31;24,62;8092540;595241024
02/01/2014;24,7;26,59;24,28;25,76;24848700;604649984
03/01/2014;25,67;25,93;23,99;24,82;21122000;628947968
04/01/2014;24,81;25,61;24,18;25,11;12141900;608748032
05/01/2014;25,04;28;24,8;26,83;29995000;615008000
06/01/2014;26,91;32,06;26,52;29,22;55258000;661916992
07/01/2014;29,24;30,49;23,25;23,25;44133600;720228992
08/01/2014;22,84;25,53;21,81;24,39;45716500;563356032
09/01/2014;24,49;25,23;23,16;24,43;20669400;604686976
10/01/2014;24,45;25,11;23,63;24,93;9761000;604555008
11/01/2014;24,99;27,34;24,75;26,79;24313000;618545024
12/01/2014;27,05;27,42;24,56;25,09;20433500;670489024
13/01/2014;25,13;25,13;23,51;24,27;16726300;623662016
14/01/2014;24,28;24,74;23,78;24,1;7753650;603212992
15/01/2014;24,1;25,78;23,99;25,22;12136300;599368000
16/01/2014;25,27;25,54;24,41;24,46;7030480;629108992
17/01/2014;24,4;24,58;23,19;23,71;10610700;608195968
18/01/2014;23,81;24,55;23,75;24,55;5190400;594281984
19/01/2014;24,56;25,44;24,09;25,44;6974650;613694016
20/01/2014;25,43;25,74;24,9;25,2;6186070;636076032
21/01/2014;25,2;25,58;24,66;24,73;4743190;631139968
22/01/2014;24,85;24,89;23,16;23,65;10957200;622753984
23/01/2014;23,65;23,96;22,24;22,38;9875320;593147008
24/01/2014;22,3;22,3;19,56;20,72;24376400;559689984
25/01/2014;20,7;23,65;20,39;23,08;11953200;520190016
26/01/2014;23,2;25,08;22,54;24,12;12199200;583587008
27/01/2014;24,13;24,55;19,66;20,02;16380200;607438976
28/01/2014;20,12;22,68;20,05;21,55;15500400;506991008
29/01/2014;21,42;22,34;21,42;21,92;6053630;540424000
30/01/2014;21,91;22,09;21,01;21,69;8373710;553665024
31/01/2014;21,65;22,13;21,49;22,13;2952510;547740032
01/02/2014;22,1;23,38;22,08;22,47;6694190;559715008
02/02/2014;22,5;23,01;22,17;22,4;3546110;570552000
03/02/2014;22,37;22,52;21,6;21,91;3524210;567761984
04/02/2014;21,9;21,97;21,35;21,46;4879620;556177024
05/02/2014;21,53;21,79;20,78;20,78;4936760;547537984
06/02/2014;20,86;20,89;19,82;19,91;7828450;531339008
07/02/2014;19,9;19,9;17,7;18,54;16757700;507590016
08/02/2014;18,53;18,98;17,8;18,08;6965790;473072992
09/02/2014;18,02;18,83;17,53;18,22;5744230;460532000
10/02/2014;18,3;18,69;14,13;17,74;27097100;467936000
11/02/2014;17,76;18,69;16,77;17,46;16089200;454560992
12/02/2014;17,41;17,47;16,75;16,95;5629570;446044000
13/02/2014;16,93;17,12;15,26;15,29;10353300;434127008
14/02/2014;15,37;17,05;13,31;16,41;24859900;394511008
15/02/2014;16,45;16,5;15,76;16,17;3971300;422929984
16/02/2014;16,09;16,55;14,53;15,2;7650140;414206016
17/02/2014;15,14;16,26;15,02;15,49;5834890;390156992
18/02/2014;15,47;15,94;15,38;15,62;2986580;399311008
19/02/2014;15,56;15,84;15,49;15,73;2741110;401899008
20/02/2014;15,7;15,8;13,92;13,98;9196220;406015008
21/02/2014;13,98;14,36;13,18;13,89;7258070;361895008
22/02/2014;13,92;15,22;13,67;14,94;6373580;360619008
23/02/2014;14,98;16,16;14,78;15,49;8169300;388743008
24/02/2014;15,42;15,46;14,31;14,55;7749270;400579008
25/02/2014;14,5;14,5;11,41;13,82;23785700;377144992
26/02/2014;13,8;14,9;13,69;14,23;11189500;359409984
27/02/2014;14,26;14,53;13,89;14,29;3859700;371644992
28/02/2014;14,29;14,29;13,07;13,23;6549690;372792000
01/03/2014;13,23;13,82;13,04;13,65;3267220;345571008
02/03/2014;13,66;13,71;12,72;12,74;3812480;357176992
03/03/2014;12,78;14,46;12,23;14,27;17573800;334684992
04/03/2014;14,29;18,55;14,15;17,07;47109100;374656000
05/03/2014;16,99;17,29;15,7;16,34;11390300;446076992
06/03/2014;16,38;16,91;16,09;16,46;8044810;430456992
07/03/2014;16,48;16,59;15,6;15,85;6222120;433783008
08/03/2014;15,86;16,1;15,16;15,41;5923750;417867008
09/03/2014;15,41;16,37;15,17;16;6666580;406495008
10/03/2014;15,98;16,52;15,77;16,01;5340680;422208000
11/03/2014;16,01;16,23;15,85;16,14;3714800;423295008
12/03/2014;16,1;17,24;16,1;17,18;12417500;426302016
13/03/2014;17,16;17,19;16,89;17,02;4116820;454839008
14/03/2014;17;17,06;16,48;16,59;4006980;451060992
15/03/2014;16,6;17;16,56;16,9;3080560;441064000
16/03/2014;16,89;17,5;16,86;17,35;5627180;449390016
17/03/2014;17,35;17,51;17,07;17,31;6764140;461912992
18/03/2014;17,29;19,83;17,11;19,42;28101700;461065984
19/03/2014;19,45;20,98;17,23;17,24;35045000;519292992
20/03/2014;17,17;17,17;15,76;16,47;15946500;458814016
21/03/2014;16,4;17,07;14,95;15,7;18958100;438841984
22/03/2014;15,64;15,84;15,23;15,71;6305450;418879008
23/03/2014;15,71;15,75;15,32;15,36;2493740;421272000
24/03/2014;15,3;16,19;14,88;16,19;8181220;410592992
25/03/2014;16,23;16,39;15,82;16,3;6448800;435960000
26/03/2014;16,29;16,81;16,14;16,27;7946950;438103008
27/03/2014;16,28;16,28;12,48;12,48;25956800;438304992
28/03/2014;12,66;14,73;12,39;13,74;20549800;341235008
29/03/2014;13,91;13,95;13,45;13,45;3442020;375303008
30/03/2014;13,45;13,55;12,64;13,14;10933600;363232000
31/03/2014;13,15;13,62;12,59;12,75;7248790;355480992
01/04/2014;12,77;13,67;12,76;13,13;7346120;345809984
02/04/2014;13,09;13,37;10,94;11,29;14966900;354824992
03/04/2014;11,26;11,26;10,29;11,05;10985500;305579008
04/04/2014;11,07;11,39;10,72;11,02;5857970;300564000
05/04/2014;11;11,24;10,86;11,19;3023900;299206016
06/04/2014;11,18;11,9;11,09;11,64;5093420;304340000
07/04/2014;11,66;11,93;11,26;11,26;3903230;317608000
08/04/2014;11,21;11,65;11,11;11,36;3435810;305772992
09/04/2014;11,38;11,51;11,15;11,19;2084940;310700000
10/04/2014;11,19;11,28;8,13;8,46;15032300;305788000
11/04/2014;8,42;11,37;8,18;10,95;18745900;230520000
12/04/2014;10,9;11,56;10,59;10,66;7740060;298697984
13/04/2014;10,66;10,96;9,68;10,31;6250360;292420000
14/04/2014;10,39;11,69;10,01;11,52;11481300;285072000
15/04/2014;11,46;13,44;11,31;13,25;15088900;314952992
16/04/2014;13,3;14,22;12,69;13,37;17352400;365868992
17/04/2014;13,42;13,74;12,22;12,52;10919300;369542016
18/04/2014;12,46;12,64;11,68;12,06;8631860;343400992
19/04/2014;12,05;12,89;11,64;12,82;6728010;332273984
20/04/2014;12,85;13,12;12,43;12,62;6195390;354908000
21/04/2014;12,56;12,93;12,35;12,5;3872040;347124992
22/04/2014;12,5;12,61;12,05;12,07;2969980;345711008
23/04/2014;12,04;12,21;11,98;12,13;2381190;333391008
24/04/2014;12,14;12,63;11,85;12,55;4714780;336492000
25/04/2014;12,54;12,55;10,47;10,79;13003700;347939008
26/04/2014;10,81;10,85;10,39;10,57;3156250;300328992
27/04/2014;10,56;10,65;9,88;9,92;3349260;293836992
28/04/2014;9,79;10,33;9,71;10,13;3537560;272731008
29/04/2014;10,12;10,47;9,98;10,4;3346380;282300992
30/04/2014;10,4;11,12;10,31;10,9;7592450;290500992
01/05/2014;10,93;11,38;10,9;11,1;4444330;305457984
02/05/2014;11,13;11,13;10,43;10,5;3393190;311470016
03/05/2014;10,52;10,55;10,1;10,31;2928390;294608000
04/05/2014;10,3;10,37;10,2;10,32;1260130;288865984
05/05/2014;10,31;10,38;10,15;10,18;1638510;289454016
06/05/2014;10,21;10,55;9,84;10,33;4018180;286760000
07/05/2014;10,34;11,01;10,24;10,51;3668840;290864000
08/05/2014;10,51;10,78;10,44;10,45;2346290;295868992
09/05/2014;10,42;10,84;10,42;10,75;2586370;293705984
10/05/2014;10,76;10,86;10,66;10,73;1993440;303572000
11/05/2014;10,72;10,76;10,3;10,36;2521270;302622016
12/05/2014;10,34;10,47;10,31;10,41;1422620;292232000
13/05/2014;10,42;10,46;10,36;10,42;1754030;294841984
14/05/2014;10,41;10,49;10,39;10,43;1343860;294785984
15/05/2014;10,43;10,59;10,41;10,45;1692880;295895008
16/05/2014;10,48;10,5;10,39;10,41;1458420;297632000
17/05/2014;10,44;10,46;10,34;10,35;1086520;296752000
18/05/2014;10,35;10,45;10,28;10,36;908962;294403008
19/05/2014;10,34;10,38;10,27;10,3;1194390;294577984
20/05/2014;10,3;10,79;10,29;10,63;4912980;293761984
21/05/2014;10,6;10,74;10,53;10,59;2653860;302608992
22/05/2014;10,58;10,77;10,48;10,67;5186880;302200992
23/05/2014;10,65;11,79;10,65;11,23;9134640;304423008
24/05/2014;11,21;11,21;10,99;11,1;2574380;320800992
25/05/2014;11,12;11,8;11,12;11,53;9072890;318703008
26/05/2014;11,58;11,75;11,46;11,56;4063340;332099008
27/05/2014;11,55;11,61;11,07;11,15;4409430;331600000
28/05/2014;11,16;11,21;10,91;11,03;3167200;320904000
29/05/2014;11,01;11,05;10,78;10,78;2006930;316904000
30/05/2014;10,78;11,37;10,69;11,25;6192970;310600992
31/05/2014;11,26;11,3;10,81;10,93;4417180;324681984
01/06/2014;10,93;11,56;10,89;11,14;7308220;315444992
02/06/2014;11,15;11,73;11,12;11,36;6097460;322135008
03/06/2014;11,36;11,54;11,33;11,48;3646880;328596000
04/06/2014;11,47;11,51;10,93;11,06;4085750;332174016
05/06/2014;11,04;11,32;11,01;11,29;4103560;320051008
06/06/2014;11,3;11,36;11,17;11,2;2062460;327803008
07/06/2014;11,2;11,2;10,98;11,11;1878190;325265984
08/06/2014;11,11;11,29;11,09;11,27;1880630;323094016
09/06/2014;11,27;11,29;11,11;11,18;1784790;327985984
10/06/2014;11,21;11,25;11,09;11,11;2752500;326760000
11/06/2014;11,1;11,17;10,94;10,94;2064260;323931008
12/06/2014;10,93;10,97;9,98;10,17;4748730;319206016
13/06/2014;10,16;10,47;10,08;10,25;2338830;297020992
14/06/2014;10,26;10,3;9,67;9,93;3232610;300140000
15/06/2014;9,87;9,95;9,53;9,94;2788040;289179008
16/06/2014;9,96;10,05;9,68;9,71;2633400;292055008
17/06/2014;9,68;9,77;9,52;9,66;2214920;284195008
18/06/2014;9,67;9,73;9,58;9,68;1703900;284219008
19/06/2014;9,68;10,16;9,6;9,99;3395730;284608000
20/06/2014;10;10,01;9,8;9,83;1862810;294352992
21/06/2014;9,84;9,87;9,67;9,83;1201330;290087008
22/06/2014;9,85;9,92;9,74;9,77;1382550;290612000
23/06/2014;9,77;10,93;9,66;9,72;1306090;288542016
24/06/2014;9,73;9,78;9,62;9,63;1449760;287584000
25/06/2014;9,61;9,66;9,19;9,19;2061300;284464000
26/06/2014;9,2;9,26;9,01;9,09;2457120;272567008
27/06/2014;9,09;9,29;9,09;9,25;1574680;269692000
28/06/2014;9,27;9,28;9,17;9,19;1466260;275380992
29/06/2014;9,2;9,27;8,89;8,96;2181070;273297984
30/06/2014;8,97;9,1;8,79;8,95;4287560;266898000
01/07/2014;8,96;9,03;7,79;7,79;6485840;266884992
02/07/2014;7,98;8,47;7,69;8,16;7882050;238020992
03/07/2014;8,07;8,17;7,95;8,03;2917800;240738000
04/07/2014;8,03;8,04;7,31;7,34;3545090;239980992
05/07/2014;7,32;7,39;6,76;7,28;5330180;218960000
06/07/2014;7,3;7,37;6,85;7,11;2569530;218675008
07/07/2014;7,1;7,61;6,97;7,56;5011390;212727008
08/07/2014;7,58;7,8;7,58;7,73;2798300;227424992
09/07/2014;7,77;7,99;7,73;7,79;2978550;233495008
10/07/2014;7,78;7,84;7,66;7,79;1988790;234030000
11/07/2014;7,8;7,96;7,79;7,85;1996570;234694000
12/07/2014;7,86;8,73;7,84;8,62;5976190;236900992
13/07/2014;8,61;9,11;8,57;8,9;5485690;259539008
14/07/2014;8,9;8,9;8,49;8,62;4107330;268608000
15/07/2014;8,62;8,73;8,54;8,56;1729530;260390000
16/07/2014;8,56;8,56;8,29;8,32;3440990;258928000
17/07/2014;8,33;8,69;8,28;8,66;2659970;252096000
18/07/2014;8,66;8,8;8,57;8,72;2515210;262388000
19/07/2014;8,72;8,74;8,61;8,61;1577680;264452000
20/07/2014;8,61;8,65;8,41;8,46;1790490;261506000
21/07/2014;8,46;8,62;8,36;8,59;1553560;257188000
22/07/2014;8,59;9,29;8,56;8,57;910432;261418000
23/07/2014;8,57;8,61;8,45;8,46;1221280;260880000
24/07/2014;8,47;8,5;7,79;7,79;3899860;258196992
25/07/2014;7,78;7,99;7,48;7,55;3168960;237364000
26/07/2014;7,58;7,7;7,52;7,6;1317700;231364000
27/07/2014;7,61;7,81;7,56;7,75;1806430;232571008
28/07/2014;7,76;7,81;7,46;7,59;1890990;237344992
29/07/2014;7,59;7,67;7,55;7,65;1088110;232399008
30/07/2014;7,65;7,66;7,26;7,26;1803280;234500000
31/07/2014;7,28;7,59;7,1;7,54;3047710;223428992
01/08/2014;7,54;7,78;7,45;7,7;1849420;231532992
02/08/2014;7,71;7,72;7,58;7,63;1113910;237040000
03/08/2014;7,63;7,64;7,53;7,54;777123;234826000
04/08/2014;7,54;10,97;7,38;7,41;1150700;232222000
05/08/2014;7,41;7,41;7,21;7,27;1400060;228499008
06/08/2014;7,26;7,28;7,14;7,18;1047680;224172000
07/08/2014;7,19;7,21;6,85;7,18;3306010;222079008
08/08/2014;7,18;7,29;7,04;7,06;1710740;222194000
09/08/2014;7,06;7,07;6,9;6,94;2392250;218699008
10/08/2014;6,95;7,01;6,92;6,95;883892;215444992
11/08/2014;6,96;6,96;5,95;6,06;5822370;215948000
12/08/2014;6,06;6,06;5,46;5,65;5792680;188186000
13/08/2014;5,65;5,74;4,84;5,04;7394390;175699008
14/08/2014;5,04;5,24;4,82;5,04;4880800;156935008
15/08/2014;5,06;5,21;4,97;5,05;1986680;157556992
16/08/2014;5,05;5,06;4,92;4,98;1776270;157336992
17/08/2014;4,97;5;4,27;4,33;3669990;155116992
18/08/2014;4,35;4,41;3,58;3,71;7745910;135740000
19/08/2014;3,71;4,76;3,65;4,67;8650900;116072000
20/08/2014;4,72;5,69;4,4;5,45;10691200;147518000
21/08/2014;5,46;6,13;5,46;5,8;10657900;171088000
22/08/2014;5,8;5,81;5,01;5,25;6563270;181670000
23/08/2014;5,24;5,25;4,72;4,9;4216910;164240000
24/08/2014;4,89;5,62;4,87;5,45;7834340;153696000
25/08/2014;5,4;5,43;5,12;5,21;3771750;169652992
26/08/2014;5,2;5,59;5,2;5,54;4855760;163703008
27/08/2014;5,55;5,82;5,31;5,39;6557750;174764000
28/08/2014;5,39;5,46;5,14;5,28;3621080;169956992
29/08/2014;5,29;5,39;5,18;5,36;2455120;166992000
30/08/2014;5,36;5,42;5,17;5,23;2227060;169080000
31/08/2014;5,21;5,23;4,82;4,86;6174680;164491008
01/09/2014;4,86;4,96;4,71;4,71;2185090;153547008
02/09/2014;4,71;4,89;4,64;4,82;3392930;149094000
03/09/2014;4,82;4,92;4,77;4,87;1452640;152710000
04/09/2014;4,87;5,29;4,86;5,18;3630100;154428000
05/09/2014;5,17;5,21;4,96;4,96;1855340;164151008
06/09/2014;4,97;5,07;4,95;4,98;1604380;158040000
07/09/2014;4,99;5,2;4,98;5,16;2465670;158564000
08/09/2014;5,16;5,19;4,98;5,1;3382240;164063008
09/09/2014;5,09;5,11;4,98;5,07;2241750;162200000
10/09/2014;5,06;5,41;5,04;5,34;4708510;161334000
11/09/2014;5,34;5,53;5,3;5,45;4135310;170316000
12/09/2014;5,46;5,46;5,31;5,38;2226060;174463008
13/09/2014;5,39;5,49;5,33;5,45;2376730;172424992
14/09/2014;5,45;5,48;5,39;5,4;2082360;174338000
15/09/2014;5,4;5,42;5,15;5,18;3140670;173095008
16/09/2014;5,17;5,17;5,05;5,07;2227620;165726000
17/09/2014;5,09;5,17;4,97;5,06;3071840;163239008
18/09/2014;5,07;5,07;4,58;4,69;4569260;162731008
19/09/2014;4,69;4,76;4,25;4,33;3917450;150711008
20/09/2014;4,33;4,62;4,2;4,29;5490660;139314000
21/09/2014;4,26;4,3;4,15;4,25;2931220;137303008
22/09/2014;4,25;4,42;4,21;4,24;1855960;136868992
23/09/2014;4,24;4,88;4,19;4,75;4661670;136784000
24/09/2014;4,74;4,75;4,63;4,67;2662290;153104992
25/09/2014;4,67;4,67;4,45;4,51;2046960;150840992
26/09/2014;4,51;4,55;4,39;4,43;1548350;145936992
27/09/2014;4,43;4,49;4,4;4,42;889525;143622000
28/09/2014;4,42;4,46;4,2;4,23;1741170;143432992
29/09/2014;4,24;4,33;4,2;4,25;1712650;137498000
30/09/2014;4,25;4,55;4,23;4,47;2456420;138094000
01/10/2014;4,47;4,5;4,38;4,43;1172180;145326000
02/10/2014;4,43;4,46;4,29;4,32;1124950;144138000
03/10/2014;4,32;4,34;4,16;4,18;1471270;140654000
04/10/2014;4,17;4,28;3,89;3,94;6948810;136020992
05/10/2014;3,94;4,04;3,48;3,7;8143680;128606000
06/10/2014;3,7;3,91;3,57;3,82;9482680;120914000
07/10/2014;3,81;3,95;3,69;3,86;7096400;124621000
08/10/2014;3,86;3,93;3,75;3,91;5850860;126097000
09/10/2014;3,91;4,03;3,87;3,9;8316140;127939000
10/10/2014;3,9;3,92;3,77;3,81;6313690;127734000
11/10/2014;3,8;3,84;3,68;3,77;3498570;124474000
12/10/2014;3,78;3,85;3,7;3,85;2712090;123955000
13/10/2014;3,85;3,9;3,79;3,86;4200710;126363000
14/10/2014;3,86;4,23;3,86;4,08;8247860;127066000
15/10/2014;4,08;4,08;3,99;4,06;4837180;134157000
16/10/2014;4,06;4,1;3,96;3,99;4204880;133644000
17/10/2014;3,99;4,02;3,95;3,99;3561280;131581000
18/10/2014;3,99;4,09;3,95;4,06;2386140;131703000
19/10/2014;4,06;4,06;3,97;3,99;1576340;133959000
20/10/2014;3,98;3,98;3,88;3,91;2252890;131666000
21/10/2014;3,91;3,97;3,9;3,94;1948840;129405000
22/10/2014;3,94;3,96;3,84;3,84;2094200;130482000
23/10/2014;3,85;3,87;3,73;3,74;3191780;127483000
24/10/2014;3,74;3,78;3,72;3,75;3557710;124036000
25/10/2014;3,75;3,76;3,63;3,67;2370430;124453000
26/10/2014;3,67;3,77;3,66;3,73;1986590;121908000
27/10/2014;3,72;3,89;3,71;3,81;2694530;123853000
28/10/2014;3,81;3,9;3,79;3,85;2222000;126895000
29/10/2014;3,85;3,85;3,72;3,73;2551500;128368000
30/10/2014;3,73;3,82;3,72;3,79;2667440;124537000
31/10/2014;3,78;3,8;3,75;3,75;2303900;126310000
01/11/2014;3,76;3,76;3,56;3,57;2476220;125479000
02/11/2014;3,58;3,62;3,55;3,59;2031400;119570000
03/11/2014;3,59;3,66;3,56;3,58;2034500;119977000
04/11/2014;3,58;3,62;3,55;3,59;2336120;119901000
05/11/2014;3,59;3,67;3,59;3,64;2855540;120339000
06/11/2014;3,64;3,67;3,62;3,65;2461750;122198000
07/11/2014;3,65;3,66;3,55;3,56;2417010;122561000
08/11/2014;3,56;3,58;3,53;3,56;1508220;119538000
09/11/2014;3,55;3,64;3,55;3,63;1873830;119580000
10/11/2014;3,63;3,73;3,59;3,7;3545550;122288000
11/11/2014;3,7;3,74;3,67;3,68;2783960;124625000
12/11/2014;3,68;4,14;3,68;4,07;8733140;124106000
13/11/2014;4,13;4,35;4,02;4,1;13963000;139504000
14/11/2014;4,09;4,09;3,86;3,99;7587850;138028992
15/11/2014;3,99;4,04;3,81;3,85;3891770;135002000
16/11/2014;3,84;3,9;3,83;3,88;2991050;130011000
17/11/2014;3,88;4;3,83;3,88;3967100;131455000
18/11/2014;3,88;3,91;3,75;3,77;4024840;131400000
19/11/2014;3,78;3,84;3,77;3,81;2858300;128285000
20/11/2014;3,81;3,82;3,59;3,61;3682840;129316000
21/11/2014;3,61;3,61;3,48;3,5;3851320;122878000
22/11/2014;3,5;3,62;3,49;3,52;2446510;119138000
23/11/2014;3,52;3,61;3,52;3,59;1686970;119985000
24/11/2014;3,59;3,69;3,57;3,63;3281530;122535000
25/11/2014;3,62;3,7;3,55;3,57;3468870;123680000
26/11/2014;3,57;3,59;3,54;3,56;2497390;121883000
27/11/2014;3,57;3,58;3,55;3,56;1764690;121848000
28/11/2014;3,56;3,64;3,5;3,6;2007140;121805000
29/11/2014;3,6;3,64;3,57;3,59;2264640;123406000
30/11/2014;3,59;3,61;3,56;3,58;1206290;122867000
01/12/2014;3,58;3,61;3,57;3,58;1275120;122616000
02/12/2014;3,58;3,66;3,58;3,63;2051950;122804000
03/12/2014;3,63;3,65;3,58;3,61;1715450;124626000
04/12/2014;3,61;3,64;3,59;3,59;2291670;124172000
05/12/2014;3,59;3,62;3,58;3,62;2350920;123669000
06/12/2014;3,62;3,63;3,6;3,61;1690520;124520000
07/12/2014;3,62;3,75;3,61;3,71;1759240;124612000
08/12/2014;3,71;3,77;3,65;3,65;2295450;127928000
09/12/2014;3,66;3,67;3,48;3,52;3606940;126207000
10/12/2014;3,52;3,54;3,48;3,5;1982380;121787000
11/12/2014;3,49;3,56;3,44;3,48;2667680;120898000
12/12/2014;3,48;3,49;3,48;3,49;2060970;120474000
13/12/2014;3,49;3,49;3,46;3,48;2121910;120839000
14/12/2014;3,48;3,5;3,47;3,48;1547550;120551000
15/12/2014;3,48;3,48;3,45;3,45;2292030;120858000
16/12/2014;3,45;3,46;2,99;3,02;5220210;119941000
17/12/2014;3,01;3,07;2,9;2,94;3969240;104697000
18/12/2014;2,94;3;2,7;2,81;4301260;102479000
19/12/2014;2,81;2,87;2,73;2,87;2780240;97712800
20/12/2014;2,87;2,94;2,87;2,92;2591650;99946000
21/12/2014;2,91;2,92;2,84;2,85;2187630;101680000
22/12/2014;2,86;2,91;2,84;2,89;2477440;99862200
23/12/2014;2,89;2,91;2,86;2,88;1901360;100889000
24/12/2014;2,88;2,88;2,73;2,74;2076240;100630000
25/12/2014;2,74;2,75;2,67;2,7;1640910;95760896
26/12/2014;2,7;2,81;2,68;2,78;2088360;94618000
27/12/2014;2,78;2,8;2,7;2,72;2180800;97465400
28/12/2014;2,72;2,76;2,67;2,73;1701950;95424400
29/12/2014;2,73;2,75;2,69;2,69;1471530;96020400
30/12/2014;2,7;2,72;2,67;2,7;1536350;94764600
31/12/2014;2,7;2,73;2,69;2,72;1577550;95108096
01/01/2015;2,72;2,72;2,69;2,7;770693;95896304
02/01/2015;2,7;2,7;2,66;2,67;855392;95029800
03/01/2015;2,67;2,67;2,13;2,13;5193080;94017000
04/01/2015;2,11;2,15;1,91;1,96;3888140;74465904
05/01/2015;1,96;2,16;1,96;2,08;10649500;69148704
06/01/2015;2,08;2,12;2,04;2,11;3242950;73663296
07/01/2015;2,12;2,15;2,08;2,12;3388950;74913200
08/01/2015;2,12;2,12;2;2,01;2924520;74876304
09/01/2015;2,01;2,01;1,96;1,98;1951160;71195200
10/01/2015;1,97;1,98;1,62;1,65;2911190;69838096
11/01/2015;1,65;1,88;1,64;1,72;2581500;58665800
12/01/2015;1,72;1,79;1,7;1,71;1738370;60986100
13/01/2015;1,71;1,72;1,53;1,54;4039950;60769100
14/01/2015;1,55;1,58;1,11;1,16;4721280;55102200
15/01/2015;1,15;1,38;1,15;1,28;3487080;41039000
16/01/2015;1,28;1,47;1,27;1,4;2669280;45481900
17/01/2015;1,4;1,4;1,25;1,29;1514960;49811400
18/01/2015;1,3;1,37;1,23;1,33;1694820;46219800
19/01/2015;1,33;1,36;1,31;1,34;728641;47416500
20/01/2015;1,34;1,34;1,3;1,32;1069660;47896600
21/01/2015;1,32;1,37;1,32;1,37;1191370;47325500
22/01/2015;1,37;1,45;1,37;1,42;1660700;49163200
23/01/2015;1,41;1,43;1,38;1,43;1267530;50568400
24/01/2015;1,43;1,89;1,42;1,84;4858920;51269500
25/01/2015;1,84;2,37;1,84;2,25;9178540;66065700
26/01/2015;2,25;2,39;2,06;2,08;8803090;80604000
27/01/2015;2,07;2,14;1,87;2,09;4502690;74514896
28/01/2015;2,09;2,13;1,81;1,87;3295480;75192600
29/01/2015;1,88;1,95;1,83;1,92;2191570;67529296
30/01/2015;1,91;1,98;1,89;1,9;1805110;68945600
31/01/2015;1,9;1,94;1,87;1,87;1205140;68341296
01/02/2015;1,88;1,88;1,68;1,8;2661610;67769104
02/02/2015;1,81;1,88;1,75;1,88;1955370;65442400
03/02/2015;1,87;1,94;1,81;1,82;2425490;67712400
04/02/2015;1,82;1,84;1,76;1,79;3683490;65838100
05/02/2015;1,79;1,81;1,73;1,74;4490700;64942100
06/02/2015;1,74;1,83;1,74;1,76;2332680;63021100
07/02/2015;1,76;1,79;1,74;1,78;1272440;63768900
08/02/2015;1,79;1,81;1,76;1,78;793432;64807000
09/02/2015;1,79;1,79;1,72;1,73;1412300;64802000
10/02/2015;1,73;1,79;1,69;1,76;1943220;62958900
11/02/2015;1,76;1,79;1,72;1,73;1202390;64008900
12/02/2015;1,73;1,77;1,72;1,76;1073660;62968800
13/02/2015;1,76;1,85;1,75;1,82;2417560;63906200
14/02/2015;1,82;1,96;1,82;1,94;2967890;66427400
15/02/2015;1,94;2,03;1,79;1,84;3678900;70755000
16/02/2015;1,84;1,85;1,8;1,8;1766700;67323000
17/02/2015;1,79;1,88;1,79;1,85;1824820;65535000
18/02/2015;1,86;1,86;1,8;1,83;1504230;67870400
19/02/2015;1,83;1,85;1,82;1,85;1117190;66773600
20/02/2015;1,84;1,86;1,83;1,85;1430460;67437296
21/02/2015;1,85;1,87;1,84;1,85;934224;67744096
22/02/2015;1,85;1,87;1,79;1,8;1413400;67833104
23/02/2015;1,8;1,82;1,78;1,82;1207240;66170200
24/02/2015;1,81;1,84;1,8;1,83;941910;66606800
25/02/2015;1,83;1,83;1,79;1,8;768342;67265400
26/02/2015;1,81;1,81;1,79;1,81;917184;66513000
27/02/2015;1,8;1,88;1,8;1,85;2360850;66305700
28/02/2015;1,85;1,85;1,82;1,84;1026120;68126096
01/03/2015;1,85;1,91;1,81;1,89;1697220;68053904
02/03/2015;1,89;1,95;1,86;1,94;2442300;69828896
03/03/2015;1,94;1,97;1,91;1,96;2818220;71717696
04/03/2015;1,96;1,97;1,92;1,93;2444050;72285904
05/03/2015;1,92;1,94;1,86;1,92;2042170;71173000
06/03/2015;1,92;1,93;1,88;1,9;1718100;71069504
07/03/2015;1,89;1,92;1,88;1,91;1176540;70134200
08/03/2015;1,91;1,92;1,88;1,89;1281400;70928800
09/03/2015;1,89;1,95;1,89;1,94;2713960;70206304
10/03/2015;1,94;2,08;1,94;2,01;4023500;72175800
11/03/2015;2,01;2,04;1,99;2,03;1945020;74625400
12/03/2015;2,02;2,07;2;2,04;2153170;75256304
13/03/2015;2,04;2,05;2,01;2,01;1702690;76002200
14/03/2015;2;2,01;1,99;2;1524990;74645200
15/03/2015;1,99;2,03;1,99;2,02;1035700;74351904
16/03/2015;2,02;2,06;2,02;2,03;1307010;75416896
17/03/2015;2,03;2,05;1,98;1,98;1493110;75949296
18/03/2015;1,98;1,99;1,73;1,74;2976040;74064600
19/03/2015;1,74;1,79;1,65;1,76;2925790;65175200
20/03/2015;1,76;1,79;1,75;1,77;1015870;65947700
21/03/2015;1,77;1,77;1,73;1,75;1025410;66130700
22/03/2015;1,75;1,8;1,74;1,8;1072060;65399100
23/03/2015;1,8;1,8;1,75;1,78;1257730;67475000
24/03/2015;1,78;1,78;1,65;1,65;2014330;66624900
25/03/2015;1,65;1,79;1,61;1,67;2189060;62138700
26/03/2015;1,67;1,73;1,65;1,7;1655180;62874100
27/03/2015;1,69;1,7;1,67;1,69;1109440;63619500
28/03/2015;1,68;1,72;1,68;1,7;843595;63346600
29/03/2015;1,7;1,71;1,64;1,66;1242080;64221900
30/03/2015;1,66;1,68;1,64;1,67;1297260;62459100
31/03/2015;1,67;1,68;1,64;1,65;1124990;63003800
01/04/2015;1,65;1,68;1,63;1,66;1245880;62351500
02/04/2015;1,67;1,69;1,66;1,68;1254970;62994200
03/04/2015;1,68;1,7;1,68;1,7;1053650;63414000
04/04/2015;1,7;1,7;1,67;1,69;794158;64337500
05/04/2015;1,68;1,71;1,68;1,7;1012920;63731100
06/04/2015;1,7;1,72;1,67;1,69;1077700;64505900
07/04/2015;1,69;1,69;1,67;1,67;898271;63958900
08/04/2015;1,67;1,68;1,62;1,63;1479550;63336300
09/04/2015;1,62;1,63;1,55;1,59;1354130;61536800
10/04/2015;1,59;1,59;1,52;1,53;1448110;60275800
11/04/2015;1,52;1,54;1,44;1,46;1329260;57945500
12/04/2015;1,46;1,49;1,45;1,46;724290;55550100
13/04/2015;1,47;1,48;1,37;1,38;1316410;56089100
14/04/2015;1,38;1,39;1,34;1,38;1669170;52470700
15/04/2015;1,38;1,42;1,35;1,38;1230190;52512100
16/04/2015;1,38;1,43;1,37;1,42;1098160;52832900
17/04/2015;1,42;1,44;1,4;1,41;1127080;54339400
18/04/2015;1,41;1,42;1,39;1,41;733823;53929900
19/04/2015;1,41;1,43;1,38;1,39;984396;53970000
20/04/2015;1,38;1,42;1,38;1,41;959972;53029400
21/04/2015;1,41;1,43;1,4;1,42;1055230;53985400
22/04/2015;1,43;1,47;1,42;1,45;1130670;54951900
23/04/2015;1,46;1,46;1,44;1,46;727959;55880900
24/04/2015;1,46;1,46;1,42;1,42;1008680;56032400
25/04/2015;1,42;1,43;1,4;1,4;868387;54617300
26/04/2015;1,4;1,4;1,3;1,32;1292150;53853500
27/04/2015;1,32;1,4;1,32;1,38;1465060;50904000
28/04/2015;1,38;1,39;1,35;1,36;1014190;53283400
29/04/2015;1,36;1,37;1,35;1,36;1372440;52548100
30/04/2015;1,36;1,45;1,36;1,44;2039930;52528700
01/05/2015;1,44;1,45;1,41;1,41;1169670;55731500
02/05/2015;1,41;1,43;1,4;1,42;807758;54397100
03/05/2015;1,42;1,45;1,41;1,43;1673860;54921600
04/05/2015;1,43;1,45;1,41;1,41;1462600;55532500
05/05/2015;1,41;1,42;1,39;1,41;1229630;54810500
06/05/2015;1,41;1,41;1,39;1,39;1100820;54516200
07/05/2015;1,39;1,49;1,38;1,46;1742090;53911200
08/05/2015;1,45;1,49;1,44;1,48;1444320;56483700
09/05/2015;1,48;1,49;1,44;1,45;1323730;57523100
10/05/2015;1,45;1,45;1,42;1,44;993855;56317000
11/05/2015;1,44;1,45;1,43;1,44;826032;55980400
12/05/2015;1,44;1,45;1,43;1,45;723296;56029300
13/05/2015;1,44;1,48;1,44;1,45;1913000;56263400
14/05/2015;1,45;1,46;1,44;1,45;1078360;56547200
15/05/2015;1,45;1,46;1,45;1,45;691297;56503900
16/05/2015;1,45;1,45;1,4;1,45;757344;56814000
17/05/2015;1,45;1,46;1,45;1,45;481714;56535300
18/05/2015;1,45;1,46;1,44;1,45;630744;56856600
19/05/2015;1,45;1,46;1,44;1,45;516737;56631100
20/05/2015;1,45;1,46;1,45;1,46;892369;56936400
21/05/2015;1,46;1,48;1,46;1,48;1109240;57264300
22/05/2015;1,48;1,88;1,48;1,83;5017600;58038700
23/05/2015;1,83;1,9;1,77;1,79;2701800;71890896
24/05/2015;1,79;1,84;1,79;1,83;1725070;70215400
25/05/2015;1,83;1,84;1,79;1,8;1457180;72077400
26/05/2015;1,8;1,82;1,79;1,82;1381530;70921400
27/05/2015;1,82;1,87;1,81;1,85;1675280;71500096
28/05/2015;1,85;1,86;1,83;1,84;1301610;72768304
29/05/2015;1,84;1,84;1,81;1,83;1762870;72567600
30/05/2015;1,83;1,84;1,81;1,81;1327450;72205200
31/05/2015;1,81;1,81;1,63;1,64;2071950;71546200
01/06/2015;1,64;1,68;1,59;1,62;1998470;64744100
02/06/2015;1,62;1,68;1,61;1,67;1370450;63902800
03/06/2015;1,67;1,7;1,66;1,69;1162310;66103800
04/06/2015;1,69;1,69;1,66;1,67;1065250;66792600
05/06/2015;1,67;1,77;1,67;1,76;1474750;66154900
06/06/2015;1,76;1,78;1,75;1,76;1184500;69841904
07/06/2015;1,76;1,77;1,72;1,73;1160830;69793000
08/06/2015;1,73;1,8;1,73;1,79;1710280;68785000
09/06/2015;1,78;1,8;1,78;1,8;1480430;70942304
10/06/2015;1,8;1,8;1,75;1,76;1212820;71458400
11/06/2015;1,76;1,8;1,76;1,79;1048480;70016496
12/06/2015;1,79;1,81;1,79;1,8;963104;71277400
13/06/2015;1,8;1,86;1,8;1,86;1470540;71855200
14/06/2015;1,86;2,07;1,85;2;3128440;74220304
15/06/2015;2;2,03;1,99;2,02;1895750;79922496
16/06/2015;2,02;2,88;2,01;2,88;10053700;80606096
17/06/2015;2,9;3,2;2,72;2,89;13038800;115769000
18/06/2015;2,89;3,13;2,88;3,1;7435550;115608000
19/06/2015;3,1;3,12;2,69;2,81;7275770;123901000
20/06/2015;2,81;3,09;2,75;3,04;5729100;112569000
21/06/2015;3,04;3,05;2,9;3,02;3196090;121674000
22/06/2015;3,02;3,05;2,96;3,03;3039690;121219000
23/06/2015;3,03;3,03;2,97;2,97;2332310;121561000
24/06/2015;2,97;2,97;2,78;2,78;3317430;119493000
25/06/2015;2,77;2,89;2,69;2,85;4221940;111481000
26/06/2015;2,85;2,91;2,82;2,86;2100370;114545000
27/06/2015;2,86;3,12;2,86;3,1;4570240;115217000
28/06/2015;3,09;3,31;3,02;3,31;2837150;124653000
29/06/2015;3,19;3,82;3,03;3,74;12726600;128550000
30/06/2015;3,74;4,34;3,73;4,09;15390500;151088000
01/07/2015;4,09;4,11;3,84;3,92;7113180;164994000
02/07/2015;3,93;4,16;3,92;4,07;6288460;158676000
03/07/2015;4,06;4,13;4,06;4,12;4281280;164280000
04/07/2015;4,12;4,14;4,06;4,11;3939060;166671008
05/07/2015;4,13;4,95;4,04;4,95;14069300;167142000
06/07/2015;4,95;5,69;4,67;5,42;22969200;200511008
07/07/2015;5,44;5,48;4,9;5,23;13570800;220535008
08/07/2015;5,25;6,39;5,14;6,36;23234900;212983008
09/07/2015;6,36;7,83;6;7,54;42419800;258224000
10/07/2015;7,53;8,73;4,07;4,51;62612600;305979008
11/07/2015;4,48;4,79;3,71;4,37;19647300;182064992
12/07/2015;4,39;5,38;4,35;5,29;19203600;178600992
13/07/2015;5,3;5,3;4,32;4,68;14296100;215896992
14/07/2015;4,68;4,89;4,48;4,65;5418730;190900000
15/07/2015;4,65;4,72;4,14;4,21;7539760;189660992
16/07/2015;4,2;4,27;3,3;3,69;17295300;171366000
17/07/2015;3,72;3,93;3,55;3,79;9454510;152008000
18/07/2015;3,78;4,23;3,78;4;8471440;154656000
19/07/2015;4;4,07;3,66;3,77;4693260;163808000
20/07/2015;3,77;3,94;3,73;3,94;4242190;154330000
21/07/2015;3,93;4,01;3,77;3,77;4431730;161000992
22/07/2015;3,78;3,84;3,68;3,82;2892200;155070000
23/07/2015;3,83;3,85;3,76;3,78;2177740;156928992
24/07/2015;3,79;4,73;3,76;4,6;14874300;155562000
25/07/2015;4,6;4,88;4,47;4,63;10288900;188883008
26/07/2015;4,63;4,75;4,44;4,66;7946990;190452000
27/07/2015;4,68;4,74;4,59;4,67;5164400;192667008
28/07/2015;4,67;5,14;4,65;5,06;10629300;192266000
29/07/2015;5,05;5,1;4,72;4,8;6609040;208044000
30/07/2015;4,79;4,79;4,51;4,58;5420630;197588992
31/07/2015;4,58;4,77;4,51;4,64;4640650;189038000
01/08/2015;4,64;4,64;4,07;4,15;6284530;191524000
02/08/2015;4,09;4,2;3,86;4,17;6950580;168868992
03/08/2015;4,17;4,37;4,04;4,16;5494590;172384992
04/08/2015;4,18;4,47;4,18;4,38;4323960;173088992
05/08/2015;4,37;4,43;4,3;4,35;2565020;181116000
06/08/2015;4,35;4,36;4,02;4,06;3879570;180190000
07/08/2015;4,06;4,22;3,97;4,21;4192810;168474000
08/08/2015;4,22;4,22;3,84;3,85;4917730;175126000
09/08/2015;3,84;3,98;3,81;3,9;3064680;159570000
10/08/2015;3,9;3,98;3,9;3,95;2239890;162062000
11/08/2015;3,95;4,16;3,94;4,16;3426300;164164000
12/08/2015;4,14;4,16;3,97;3,99;3519900;172371008
13/08/2015;3,97;3,97;3,84;3,88;2409030;165366000
14/08/2015;3,88;4,07;3,86;4,03;3157170;161664992
15/08/2015;4,02;4,04;3,92;3,93;2016290;167683008
16/08/2015;3,93;3,99;3,89;3,95;3197720;164023008
17/08/2015;3,96;4,03;3,94;3,98;2289060;165435008
18/08/2015;3,98;4;3,44;3,47;3464380;166400000
19/08/2015;3,48;3,62;3,36;3,48;5742670;145451008
20/08/2015;3,47;3,62;3,47;3,61;2882900;145186000
21/08/2015;3,6;3,64;3,55;3,57;1720630;150702000
22/08/2015;3,56;3,59;3,46;3,51;1913720;149232992
23/08/2015;3,51;3,54;3,35;3,39;2066020;147266000
24/08/2015;3,39;3,39;2,97;2,99;7278630;142300992
25/08/2015;2,98;3,05;2,54;2,94;11404300;125279000
26/08/2015;2,95;3,04;2,84;2,95;4551630;123884000
27/08/2015;2,95;2,99;2,84;2,87;1936130;123773000
28/08/2015;2,84;2,96;2,71;2,91;4186540;119452000
29/08/2015;2,92;2,95;2,82;2,88;1706060;122591000
30/08/2015;2,87;2,91;2,76;2,85;1497480;120755000
31/08/2015;2,85;2,86;2,79;2,84;1752920;120021000
01/09/2015;2,85;2,88;2,81;2,82;1376040;119819000
02/09/2015;2,82;2,83;2,76;2,8;2423010;118701000
03/09/2015;2,8;2,8;2,58;2,63;2210590;117773000
04/09/2015;2,64;2,72;2,63;2,7;1441530;111133000
05/09/2015;2,7;2,94;2,66;2,92;2666820;113865000
06/09/2015;2,92;3,12;2,9;3,05;4281360;123002000
07/09/2015;3,04;3,1;2,99;3,05;2254530;128155000
08/09/2015;3,05;3,13;3,01;3,05;2566300;128555000
09/09/2015;3,05;3,05;2,91;2,92;2298470;128641000
10/09/2015;2,92;2,97;2,89;2,95;1420320;123469000
11/09/2015;2,95;2,98;2,94;2,96;1251460;124532000
12/09/2015;2,96;2,97;2,82;2,83;1517440;125157000
13/09/2015;2,82;2,85;2,77;2,82;1328080;119373000
14/09/2015;2,81;2,86;2,78;2,84;1135730;118997000
15/09/2015;2,84;2,93;2,82;2,82;918109;120280000
16/09/2015;2,83;2,85;2,77;2,8;1192860;119718000
17/09/2015;2,81;2,93;2,8;2,91;1626720;118757000
18/09/2015;2,91;3,01;2,9;2,96;1572740;123220000
19/09/2015;2,95;2,96;2,86;2,87;897801;125137000
20/09/2015;2,88;2,88;2,83;2,85;989389;121797000
21/09/2015;2,85;2,86;2,8;2,8;1027230;120933000
22/09/2015;2,8;2,88;2,8;2,84;1442340;118630000
23/09/2015;2,86;2,9;2,85;2,87;901921;121067000
24/09/2015;2,87;2,95;2,87;2,93;1328450;121809000
25/09/2015;2,93;2,95;2,89;2,89;959962;124470000
26/09/2015;2,89;2,9;2,87;2,89;531617;122875000
27/09/2015;2,89;2,9;2,87;2,87;748001;122673000
28/09/2015;2,88;3,08;2,88;3,07;2604270;122388000
29/09/2015;3,1;3,17;2,97;2,97;2896120;131839000
30/09/2015;2,97;3,05;2,97;3,01;1371090;126079000
01/10/2015;3,01;3,05;2,96;3;1644010;128156000
02/10/2015;3;3,02;2,98;2,99;1132180;127470000
03/10/2015;3;3,04;2,99;3,03;1051760;127593000
04/10/2015;3,03;3,06;3;3,01;982441;129094000
05/10/2015;3,02;3,03;2,99;3,02;1277060;128635000
06/10/2015;3,02;3,16;3,01;3,15;1972700;128642000
07/10/2015;3,15;3,16;3,06;3,06;1695270;134176000
08/10/2015;3,06;3,08;3,05;3,06;1137940;130487000
09/10/2015;3,07;3,11;3,06;3,11;978079;130862000
10/10/2015;3,11;3,14;3,09;3,11;1000850;132747000
11/10/2015;3,11;3,15;3,08;3,15;1222700;132636000
12/10/2015;3,15;3,17;3,13;3,14;1252010;134400992
13/10/2015;3,14;3,19;3,11;3,18;1605970;134022000
14/10/2015;3,18;3,2;3,1;3,14;1781770;135880000
15/10/2015;3,15;3,16;3,1;3,1;1428290;134576992
16/10/2015;3,11;3,14;3,09;3,11;1472800;132855000
17/10/2015;3,11;3,16;3,04;3,07;2454780;133010000
18/10/2015;3,07;3,08;3;3,02;1217780;131467000
19/10/2015;3,03;3,05;3,01;3,05;1239570;129649000
20/10/2015;3,05;3,09;3,05;3,09;1163340;130633000
21/10/2015;3,09;3,12;3,06;3,08;988482;132427000
22/10/2015;3,08;3,14;3,07;3,11;1215290;131935000
23/10/2015;3,12;3,13;3,09;3,11;1196600;133677000
24/10/2015;3,11;3,12;3,08;3,1;955111;133389000
25/10/2015;3,11;3,14;3,07;3,07;1656730;133308000
26/10/2015;3,07;3,11;3,07;3,1;1119820;131697000
27/10/2015;3,11;3,11;3,08;3,09;1102490;133280000
28/10/2015;3,1;3,11;3,09;3,1;1433200;132998000
29/10/2015;3,1;3,93;3,06;3,78;11455900;133179000
30/10/2015;3,77;4,2;3,74;4,06;12206200;161824000
31/10/2015;4,08;4,12;3,77;3,8;5425140;175408992
01/11/2015;3,82;3,99;3,77;3,96;3801480;163928992
02/11/2015;3,98;4,2;3,94;4,16;6302390;171196992
03/11/2015;4,17;4,8;4,1;4,59;18600100;179516992
04/11/2015;4,58;5,32;4,05;4,23;22553800;196995008
05/11/2015;4,2;4,41;3,77;3,96;13017300;180695008
06/11/2015;3,95;3,97;3,45;3,55;8761900;169811008
07/11/2015;3,55;3,68;3,55;3,6;2638500;152904992
08/11/2015;3,62;3,66;3,41;3,42;2399540;155912000
09/11/2015;3,43;3,45;3,26;3,4;4195940;147907008
10/11/2015;3,4;3,46;3,04;3,12;5565520;146558000
11/11/2015;3,12;3,12;2,94;2,97;3648510;134388000
12/11/2015;2,97;3,29;2,97;3,28;4133180;128180000
13/11/2015;3,27;3,29;3,15;3,23;2247490;141012992
14/11/2015;3,22;3,25;3,18;3,19;1293740;139106000
15/11/2015;3,2;3,22;3,06;3,07;1750230;138082000
16/11/2015;3,07;3,19;3,05;3,19;1578010;132419000
17/11/2015;3,19;3,23;3,16;3,2;1607020;137815008
18/11/2015;3,2;3,21;3,17;3,19;1425920;138228000
19/11/2015;3,19;3,21;3,13;3,13;1448970;137943008
20/11/2015;3,14;3,14;3,07;3,12;1698240;135600992
21/11/2015;3,12;3,16;3,11;3,15;1057060;134839008
22/11/2015;3,16;3,16;3,11;3,14;1070770;136863008
23/11/2015;3,14;3,15;3,11;3,12;1389260;136062000
24/11/2015;3,13;3,13;3,09;3,11;1510060;135523008
25/11/2015;3,11;3,34;3,09;3,34;2877300;134852992
26/11/2015;3,35;3,72;3,35;3,61;8700000;145182000
27/11/2015;3,6;3,63;3,52;3,58;2780650;156052000
28/11/2015;3,58;3,58;3,46;3,52;1691790;154978000
29/11/2015;3,53;3,68;3,5;3,67;2720390;153251008
30/11/2015;3,66;3,74;3,58;3,62;3339320;158950000
01/12/2015;3,63;3,64;3,4;3,43;2841630;157352000
02/12/2015;3,43;3,44;3,3;3,34;2452500;148936992
03/12/2015;3,35;3,44;3,34;3,38;1943430;145343008
04/12/2015;3,38;3,39;3,34;3,36;1333170;146942000
05/12/2015;3,37;3,54;3,37;3,52;2664550;146450000
06/12/2015;3,53;3,58;3,45;3,47;4063170;153258000
07/12/2015;3,45;3,69;3,45;3,65;4210900;150138000
08/12/2015;3,65;3,69;3,55;3,69;2744880;158672000
09/12/2015;3,68;3,74;3,61;3,67;4506800;160252000
10/12/2015;3,67;3,68;3,59;3,66;2538190;159735008
11/12/2015;3,67;3,85;3,67;3,84;5086460;159938000
12/12/2015;3,84;3,97;3,5;3,61;6201500;167378000
13/12/2015;3,6;3,66;3,57;3,63;3218570;156708000
14/12/2015;3,64;3,67;3,6;3,61;3011480;158528992
15/12/2015;3,62;3,84;3,61;3,83;5124770;157776000
16/12/2015;3,84;3,84;3,68;3,7;3628690;167443008
17/12/2015;3,7;3,79;3,68;3,74;2244680;161615008
18/12/2015;3,75;3,81;3,73;3,76;2642590;163728000
19/12/2015;3,77;3,78;3,71;3,72;1480630;164388992
20/12/2015;3,74;3,75;3,48;3,54;2853130;163372992
21/12/2015;3,55;3,55;3,43;3,46;2244460;154934000
22/12/2015;3,46;3,48;3,4;3,42;1366080;151163008
23/12/2015;3,43;3,59;3,43;3,58;2274490;150056000
24/12/2015;3,59;3,68;3,59;3,64;2530790;157004000
25/12/2015;3,65;3,68;3,6;3,62;1628860;159628992
26/12/2015;3,64;3,64;3,38;3,42;3880050;159347008
27/12/2015;3,42;3,49;3,39;3,48;2048800;149735008
28/12/2015;3,48;3,53;3,46;3,47;1647170;152300000
29/12/2015;3,47;3,52;3,44;3,5;2161460;152035008
30/12/2015;3,51;3,51;3,45;3,46;2202460;153896000
31/12/2015;3,46;3,5;3,41;3,48;2667620;151635008
01/01/2016;3,48;3,53;3,47;3,51;2791170;152570000
02/01/2016;3,52;3,53;3,49;3,5;3020260;154187008
03/01/2016;3,5;3,51;3,45;3,48;2406150;153739008
04/01/2016;3,48;3,51;3,48;3,5;3309740;152699008
05/01/2016;3,49;3,51;3,45;3,47;2104650;153319008
06/01/2016;3,47;3,47;3,44;3,45;2208860;152276000
07/01/2016;3,45;3,61;3,44;3,6;4560680;151582000
08/01/2016;3,6;3,64;3,53;3,57;3277990;158076992
09/01/2016;3,57;3,59;3,54;3,56;2934720;157142000
10/01/2016;3,56;3,56;3,5;3,54;2462000;156524000
11/01/2016;3,53;3,57;3,53;3,56;2931030;155131008
12/01/2016;3,55;3,56;3,49;3,49;4566050;156360000
13/01/2016;3,49;3,49;3,43;3,48;6745630;153644000
14/01/2016;3,47;3,48;3,45;3,47;2044890;152852992
15/01/2016;3,46;3,46;3;3;5117640;152598000
16/01/2016;2,97;3,11;2,92;3,09;4170270;130687000
17/01/2016;3,09;3,1;3,02;3,03;1905660;136090000
18/01/2016;3,02;3,06;2,98;3,05;2304070;133145000
19/01/2016;3,05;3,06;2,99;3,02;1626900;134431008
20/01/2016;3,01;3,43;2,99;3,39;4438610;133024000
21/01/2016;3,38;3,4;3,21;3,22;3665110;149372992
22/01/2016;3,23;3,24;3,05;3,08;3589150;142656992
23/01/2016;3,08;3,15;3,08;3,1;2384900;136122000
24/01/2016;3,11;3,21;3,1;3,18;1806510;137555008
25/01/2016;3,19;3,19;3,11;3,13;1940070;140890000
26/01/2016;3,13;3,17;3,12;3,15;2926650;138171008
27/01/2016;3,16;3,32;3,16;3,29;5341690;139722000
28/01/2016;3,29;3,3;3,11;3,12;3075380;145676992
29/01/2016;3,14;3,14;3,06;3,11;2555880;138886000
30/01/2016;3,12;3,12;3,08;3,08;1298980;138028992
31/01/2016;3,1;3,11;3,04;3,05;1450600;137128992
01/02/2016;3,07;3,1;3,06;3,08;1502430;136124992
02/02/2016;3,09;3,1;3,07;3,08;1279650;136820000
03/02/2016;3,09;3,09;3,04;3,05;1406560;136798000
04/02/2016;3,06;3,18;3,06;3,16;2059350;135567008
05/02/2016;3,17;3,17;3,14;3,14;1211900;140664992
06/02/2016;3,15;3,15;3,08;3,1;1394670;139756000
07/02/2016;3,11;3,13;3,08;3,09;1168970;138012000
08/02/2016;3,09;3,11;3,06;3,06;964279;137272000
09/02/2016;3,08;3,08;3,05;3,08;1197280;136615008
10/02/2016;3,09;3,13;3,08;3,1;1358800;137231008
11/02/2016;3,11;3,13;3,07;3,08;1263660;138300000
12/02/2016;3,09;3,12;3,08;3,11;1041630;137460992
13/02/2016;3,12;3,14;3,11;3,13;1313500;138655008
14/02/2016;3,15;3,21;3,15;3,21;1924190;140015008
15/02/2016;3,23;3,25;3,17;3,18;1521240;143812000
16/02/2016;3,2;3,22;3,18;3,21;1479430;142534000
17/02/2016;3,23;3,26;3,2;3,24;1857460;143699008
18/02/2016;3,25;3,27;3,23;3,25;1422270;144543008
19/02/2016;3,26;3,27;3,23;3,25;1780240;145267008
20/02/2016;3,27;3,5;3,26;3,46;3677250;145652000
21/02/2016;3,46;3,58;3,4;3,46;3518950;154250000
22/02/2016;3,47;3,51;3,43;3,48;2066780;154568992
23/02/2016;3,49;3,52;3,38;3,4;2416790;155639008
24/02/2016;3,4;3,42;3,32;3,37;1909510;151871008
25/02/2016;3,39;3,4;3,33;3,37;1556360;151156992
26/02/2016;3,37;3,42;3,32;3,42;1849390;150463008
27/02/2016;3,43;3,45;3,39;3,41;731107;153160992
28/02/2016;3,41;3,47;3,36;3,44;986849;152560992
29/02/2016;3,44;3,49;3,42;3,45;1431670;153819008
01/03/2016;3,45;3,45;3,41;3,43;1133580;154187008
02/03/2016;3,43;3,44;3,37;3,37;1469810;153604000
03/03/2016;3,36;3,36;3,31;3,32;1812040;150492992
04/03/2016;3,32;3,35;3,25;3,25;1459960;148651008
05/03/2016;3,25;3,25;3,13;3,19;1689010;145576000
06/03/2016;3,19;3,25;3,17;3,22;1010650;142926000
07/03/2016;3,22;3,27;3,2;3,27;1057270;144322000
08/03/2016;3,27;3,28;3,23;3,25;918434;146604000
09/03/2016;3,25;3,3;3,24;3,28;1247320;145714000
10/03/2016;3,28;3,29;3,25;3,29;898376;146986000
11/03/2016;3,29;3,4;3,29;3,38;1804450;147411008
12/03/2016;3,39;3,39;3,27;3,29;1076560;152154000
13/03/2016;3,29;3,32;3,28;3,31;1140930;147636000
14/03/2016;3,31;3,33;3,29;3,3;670283;148568000
15/03/2016;3,3;3,33;3,29;3,31;747107;148354000
16/03/2016;3,31;3,32;3,3;3,31;692940;148574000
17/03/2016;3,31;3,32;3,3;3,31;1038460;148815008
18/03/2016;3,31;3,31;3,15;3,17;1502010;148676000
19/03/2016;3,17;3,19;3,16;3,18;617579;142595008
20/03/2016;3,18;3,21;3,18;3,21;926158;143128992
21/03/2016;3,21;3,21;3,19;3,2;507480;144239008
22/03/2016;3,2;3,24;3,2;3,23;1265140;144058000
23/03/2016;3,23;3,25;3,22;3,24;1703040;145628000
24/03/2016;3,25;3,25;3,22;3,22;1394180;146180000
25/03/2016;3,23;3,24;3,21;3,23;1200290;145451008
26/03/2016;3,23;3,24;3,21;3,23;1117430;145487008
27/03/2016;3,23;3,32;3,23;3,3;2089890;145718000
28/03/2016;3,3;3,3;3,26;3,26;1427140;148970000
29/03/2016;3,26;3,28;3,2;3,23;1764730;147162000
30/03/2016;3,23;3,28;3,2;3,22;1450290;145624000
31/03/2016;3,23;3,27;3,22;3,26;1704440;145616992
01/04/2016;3,25;3,26;3,23;3,24;1316230;146576000
02/04/2016;3,25;3,28;3,24;3,26;1174830;146628992
03/04/2016;3,26;3,27;3,25;3,26;1281200;147378000
04/04/2016;3,26;3,27;3,22;3,25;1188610;147422000
05/04/2016;3,25;3,27;3,24;3,25;863788;146779008
06/04/2016;3,26;3,26;3,24;3,26;1088910;147390000
07/04/2016;3,26;3,26;3,23;3,25;1150280;147371008
08/04/2016;3,24;3,25;3,21;3,22;1352320;146734000
09/04/2016;3,22;3,23;3,2;3,22;1224580;145963008
10/04/2016;3,22;3,25;3,21;3,23;1417490;145907008
11/04/2016;3,23;3,24;3,21;3,24;1061060;146206000
12/04/2016;3,24;3,28;3,23;3,26;1305310;146827008
13/04/2016;3,26;3,27;3,24;3,24;1295720;147911008
14/04/2016;3,25;3,26;3,23;3,24;1190770;147175008
15/04/2016;3,24;3,28;3,24;3,28;1404400;147106000
16/04/2016;3,28;3,29;3,27;3,27;1155850;148812992
17/04/2016;3,28;3,28;3,25;3,26;1211900;148864000
18/04/2016;3,26;3,27;3,24;3,24;1317730;148016992
19/04/2016;3,25;3,29;3,24;3,29;1333410;147546000
20/04/2016;3,29;3,29;3,27;3,28;1638920;149540992
21/04/2016;3,28;3,35;3,27;3,35;1688230;149099008
22/04/2016;3,35;3,35;3,31;3,32;1569850;152136992
23/04/2016;3,32;3,34;3,31;3,33;1383790;150996992
24/04/2016;3,35;3,65;3,35;3,63;4502460;152206000
25/04/2016;3,62;3,87;3,55;3,81;6605750;164835008
26/04/2016;3,8;4,11;3,79;4,05;6717450;172756000
27/04/2016;4,05;4,23;3,87;3,89;9435190;184330000
28/04/2016;3,88;3,88;3,69;3,79;3952590;176662000
29/04/2016;3,79;3,85;3,72;3,81;2467080;172762000
30/04/2016;3,81;3,82;3,64;3,66;2502180;173790000
01/05/2016;3,66;3,72;3,64;3,71;1911590;166735008
02/05/2016;3,71;3,78;3,64;3,68;2667410;169120000
03/05/2016;3,68;3,76;3,66;3,74;2363200;167955008
04/05/2016;3,74;3,78;3,73;3,75;1716110;170728992
05/05/2016;3,74;3,76;3,71;3,71;1702120;170776000
06/05/2016;3,72;3,82;3,71;3,82;1899060;169660000
07/05/2016;3,82;4;3,82;3,95;3278610;174435008
08/05/2016;3,94;3,94;3,89;3,94;1783970;179835008
09/05/2016;3,94;4,08;3,9;4,06;3120940;179947008
10/05/2016;4,06;4,12;3,8;3,82;3688200;185500992
11/05/2016;3,82;3,91;3,81;3,88;2458140;174695008
12/05/2016;3,88;3,9;3,8;3,86;1798920;177543008
13/05/2016;3,86;3,96;3,83;3,93;2624100;176400992
14/05/2016;3,93;4,05;3,92;4,01;2444920;179752000
15/05/2016;4,01;4,1;3,97;4,06;2096570;183780992
16/05/2016;4,06;4,16;3,98;4,01;3632510;186086000
17/05/2016;4;4,03;3,97;3,98;2663640;183427008
18/05/2016;3,98;4,04;3,98;4;2377740;182396000
19/05/2016;4;4,03;3,83;3,83;3380010;183495008
20/05/2016;3,82;3,92;3,82;3,88;3638250;175408992
21/05/2016;3,88;3,97;3,88;3,95;1938010;178150000
22/05/2016;3,96;3,99;3,9;3,93;1849720;181558000
23/05/2016;3,92;3,97;3,9;3,97;1868020;180067008
24/05/2016;3,96;3,98;3,94;3,95;1742000;182003008
25/05/2016;3,95;4,05;3,95;4,05;2765530;181463008
26/05/2016;4,05;4,1;4,03;4,08;2530850;185862000
27/05/2016;4,09;4,68;4,09;4,5;10821100;187948000
28/05/2016;4,51;4,83;4,51;4,7;11564700;207386000
29/05/2016;4,69;4,86;4,58;4,61;7351420;215630000
30/05/2016;4,63;4,7;4,59;4,67;3805050;213115008
31/05/2016;4,69;4,75;4,6;4,65;5187600;215696992
01/06/2016;4,65;4,77;4,62;4,74;4577160;214171008
02/06/2016;4,74;4,76;4,68;4,72;2121360;218428000
03/06/2016;4,72;4,87;4,71;4,86;4061990;217332992
04/06/2016;4,86;4,9;4,77;4,81;3214800;224016000
05/06/2016;4,8;4,84;4,79;4,81;2257820;221106000
06/06/2016;4,81;4,97;4,81;4,96;2993510;221912000
07/06/2016;4,95;4,98;4,72;4,77;3881380;228462000
08/06/2016;4,77;4,79;4,69;4,75;3507640;220210000
09/06/2016;4,78;4,78;4,67;4,69;6438540;220448000
10/06/2016;4,75;4,85;4,71;4,84;6975970;219324000
11/06/2016;4,88;5,01;4,84;5,01;10294700;225407008
12/06/2016;5,07;5,46;5,05;5,33;13753200;234022000
13/06/2016;5,41;5,54;5,16;5,29;8668280;250146000
14/06/2016;5,31;5,31;5,1;5,2;8488220;245164992
15/06/2016;5,22;5,24;5,11;5,24;3917000;241446000
16/06/2016;5,25;5,66;5,25;5,66;9930590;242907008
17/06/2016;5,67;5,95;5,28;5,59;12383200;262382000
18/06/2016;5,6;5,69;5,49;5,56;7878070;259298000
19/06/2016;5,56;5,63;5,51;5,59;3760240;257368992
20/06/2016;5,63;5,63;5,27;5,29;4154880;260458000
21/06/2016;5,27;5,29;4,7;4,82;11984800;244250000
22/06/2016;4,83;4,92;3,88;3,91;11522400;223663008
23/06/2016;3,92;3,95;3,47;3,85;11138900;181586000
24/06/2016;3,85;4,33;3,85;4,28;9364750;178563008
25/06/2016;4,27;4,44;3,92;4,23;6057000;198220992
26/06/2016;4,24;4,24;3,97;4,07;4480920;196812992
27/06/2016;4,05;4,16;4,03;4,12;2749620;187984000
28/06/2016;4,14;4,18;4,07;4,1;2867420;192051008
29/06/2016;4,1;4,1;4,03;4,06;2211450;190440000
30/06/2016;4,08;4,21;4,04;4,19;2864910;189371008
01/07/2016;4,19;4,33;4,18;4,26;6987180;194823008
02/07/2016;4,28;4,61;4,24;4,59;16646200;198800992
03/07/2016;4,66;4,66;4,19;4,25;7659710;216679008
04/07/2016;4,27;4,54;4,21;4,54;5062640;198695008
05/07/2016;4,56;4,56;4,36;4,45;4707390;212024992
06/07/2016;4,46;4,51;4,42;4,47;3238960;207751008
07/07/2016;4,5;4,53;3,95;4,11;6277860;209306000
08/07/2016;4,12;4,23;4,08;4,22;5033530;191626000
09/07/2016;4,24;4,24;3,97;4,16;6256370;197336992
10/07/2016;4,12;4,15;4,06;4,1;3039620;191996000
11/07/2016;4,12;4,19;4,06;4,09;3282920;192038000
12/07/2016;4,09;4,21;4,09;4,15;2734250;190754000
13/07/2016;4,16;4,18;4,13;4,14;2215370;194119008
14/07/2016;4,14;4,18;4,12;4,15;1663660;193166000
15/07/2016;4,15;4,18;4,15;4,16;1668020;193859008
16/07/2016;4,15;4,16;4,11;4,13;1378140;193834000
17/07/2016;4,14;4,21;4,13;4,19;2155230;193199008
18/07/2016;4,2;4,2;4,14;4,15;1577810;196144992
19/07/2016;4,15;4,17;4,14;4,15;1563330;194028000
20/07/2016;4,15;4,16;4,11;4,13;1908710;193958000
21/07/2016;4,13;4,14;4,11;4,12;1422410;193228000
22/07/2016;4,13;4,14;4,03;4,04;2677970;192936000
23/07/2016;4,04;4,06;4,03;4,06;1568890;189102000
24/07/2016;4,06;4,08;4,04;4,07;1839420;190144992
25/07/2016;4,07;4,08;4,03;4,03;1535980;190620992
26/07/2016;4,04;4,05;3,93;3,97;2545920;189020000
27/07/2016;3,96;3,99;3,93;3,96;1847300;185692000
28/07/2016;3,97;3,99;3,96;3,97;1728410;185791008
29/07/2016;3,97;4,1;3,96;4,08;1744370;186270000
30/07/2016;4,08;4,09;4,06;4,06;1388580;191388992
31/07/2016;4,08;4,08;3,97;4,01;1921460;191302000
01/08/2016;4,06;4,06;3,86;3,86;1991690;190584992
02/08/2016;3,87;3,89;3,52;3,64;5039290;181672992
03/08/2016;3,64;3,74;3,59;3,72;2875880;170828000
04/08/2016;3,71;3,75;3,71;3,75;1593350;174288992
05/08/2016;3,74;3,74;3,7;3,73;1162030;175755008
06/08/2016;3,72;3,77;3,7;3,76;1371060;174832992
07/08/2016;3,76;3,81;3,75;3,78;1335400;176648992
08/08/2016;3,77;3,8;3,75;3,79;1379300;177444000
09/08/2016;3,78;3,78;3,74;3,76;1878160;177888992
10/08/2016;3,76;3,81;3,72;3,72;1656370;176955008
11/08/2016;3,72;3,75;3,64;3,74;2374230;174920992
12/08/2016;3,74;3,75;3,69;3,71;2025430;175966000
13/08/2016;3,71;3,75;3,68;3,71;2473190;174620000
14/08/2016;3,72;3,72;3,61;3,65;2655030;175008000
15/08/2016;3,65;3,68;3,57;3,58;3314040;171883008
16/08/2016;3,59;3,65;3,58;3,64;2302180;168951008
17/08/2016;3,65;3,65;3,59;3,6;1830120;171832000
18/08/2016;3,6;3,64;3,6;3,61;1645410;169884000
19/08/2016;3,61;3,62;3,6;3,6;1433570;170319008
20/08/2016;3,61;3,63;3,6;3,62;1642330;170236000
21/08/2016;3,62;3,63;3,6;3,62;1321380;170828992
22/08/2016;3,62;3,66;3,6;3,66;2685030;170790000
23/08/2016;3,66;4,01;3,66;3,93;12154100;173066000
24/08/2016;3,93;3,95;3,84;3,86;4425210;185610000
25/08/2016;3,86;3,87;3,78;3,8;3206370;182248000
26/08/2016;3,8;3,85;3,79;3,83;2392690;179722000
27/08/2016;3,82;3,83;3,73;3,74;6505780;180864000
28/08/2016;3,74;3,76;3,73;3,74;2380150;176715008
29/08/2016;3,74;3,79;3,74;3,76;2610000;176842000
30/08/2016;3,77;3,82;3,75;3,8;2315030;178314000
31/08/2016;3,81;3,81;3,78;3,8;1678550;180188992
01/09/2016;3,8;3,85;3,79;3,83;2241890;179752000
02/09/2016;3,84;3,84;3,81;3,82;1984050;181756992
03/09/2016;3,83;3,91;3,81;3,89;2484220;181348992
04/09/2016;3,89;4,04;3,88;4,01;4834060;184540000
05/09/2016;4,02;4,03;3,97;3,98;4245990;190686000
06/09/2016;3,98;3,99;3,95;3,97;1699160;188974000
07/09/2016;3,99;4,13;3,95;3,97;1988370;189260992
08/09/2016;3,97;4,01;3,96;3,99;2425520;188380992
09/09/2016;3,98;3,99;3,96;3,97;1450080;189118000
10/09/2016;3,97;3,98;3,96;3,97;661652;188630000
11/09/2016;3,97;3,99;3,85;3,86;2100480;188515008
12/09/2016;3,87;3,87;3,79;3,82;2454330;183908000
13/09/2016;3,83;3,85;3,81;3,82;2219650;182131008
14/09/2016;3,82;3,85;3,82;3,83;1322330;181564992
15/09/2016;3,83;3,84;3,8;3,81;1793220;182156000
16/09/2016;3,82;3,83;3,8;3,81;1663730;181512000
17/09/2016;3,8;3,82;3,8;3,81;1568340;180848000
18/09/2016;3,81;4,09;3,81;4,04;1727830;181376992
19/09/2016;4,04;4,2;3,82;3,83;1606420;192499008
20/09/2016;3,83;3,86;3,82;3,84;2263260;182404000
21/09/2016;3,87;3,87;3,76;3,84;3853090;184356992
22/09/2016;3,86;3,86;3,77;3,77;1445220;183804992
23/09/2016;3,77;3,82;3,76;3,81;1572350;179508992
24/09/2016;3,81;3,84;3,8;3,81;2118420;181928992
25/09/2016;3,8;3,81;3,78;3,81;1540650;181090000
26/09/2016;3,8;3,87;3,8;3,86;2148250;181334000
27/09/2016;3,86;3,87;3,84;3,85;1734250;184100000
28/09/2016;3,85;3,87;3,83;3,84;1905040;183854000
29/09/2016;3,84;3,86;3,83;3,85;1674200;183299008
30/09/2016;3,84;3,85;3,82;3,84;2104930;183655008
01/10/2016;3,85;3,86;3,84;3,85;1426340;183883008
02/10/2016;3,85;3,88;3,82;3,84;1373630;183871008
03/10/2016;3,85;3,85;3,83;3,84;1207110;184112992
04/10/2016;3,84;3,84;3,82;3,82;1116870;183632000
05/10/2016;3,83;3,85;3,83;3,84;1394850;183364000
06/10/2016;3,85;3,86;3,83;3,85;1415940;184096992
07/10/2016;3,84;3,86;3,83;3,86;1596220;183775008
08/10/2016;3,86;3,87;3,84;3,84;1544210;185048000
09/10/2016;3,84;3,85;3,81;3,82;1239070;184174000
10/10/2016;3,82;3,83;3,78;3,8;1420790;183200000
11/10/2016;3,8;3,84;3,79;3,82;2025380;182336992
12/10/2016;3,82;3,83;3,76;3,76;3154520;183178000
13/10/2016;3,75;3,92;3,75;3,91;3798640;179684992
14/10/2016;3,91;3,92;3,89;3,9;2142390;187679008
15/10/2016;3,9;3,91;3,87;3,87;1664980;187172992
16/10/2016;3,88;3,91;3,88;3,89;2160150;186368000
17/10/2016;3,89;3,92;3,86;3,91;1716740;186886000
18/10/2016;3,95;4,23;3,83;3,84;1790400;189918000
19/10/2016;3,85;3,86;3,78;3,8;2243800;184788992
20/10/2016;3,81;3,82;3,77;3,78;2417550;183012992
21/10/2016;3,79;3,83;3,76;3,81;2881980;182216000
22/10/2016;3,81;3,91;3,8;3,89;3858130;183200992
23/10/2016;3,89;3,94;3,89;3,92;3927550;187295008
24/10/2016;3,92;3,92;3,87;3,87;2999400;188620000
25/10/2016;3,87;3,92;3,87;3,9;3154970;186324992
26/10/2016;3,91;3,97;3,9;3,96;5418040;188315008
27/10/2016;3,96;4,06;3,96;4,02;6216070;190728992
28/10/2016;4,04;4,04;3,95;3,97;4260230;194431008
29/10/2016;3,98;4,1;3,97;4,09;5732580;191631008
30/10/2016;4,1;4,1;4,02;4,03;4364420;197444992
31/10/2016;4,04;4,05;3,98;3,99;3893350;194664000
01/11/2016;4;4,15;3,99;4,09;4714890;192875008
02/11/2016;4,09;4,13;4,05;4,1;3646100;197384000
03/11/2016;4,11;4,18;3,81;3,86;5883490;198519008
04/11/2016;3,86;3,89;3,82;3,88;3481430;186156992
05/11/2016;3,88;3,93;3,85;3,87;2318820;187312992
06/11/2016;3,86;3,92;3,84;3,89;2192880;186487008
07/11/2016;3,89;3,89;3,79;3,84;2806430;187896992
08/11/2016;3,84;3,86;3,82;3,84;2493340;185467008
09/11/2016;3,85;3,94;3,81;3,86;2894790;185956000
10/11/2016;3,86;3,87;3,81;3,82;2334820;186616992
11/11/2016;3,84;3,84;3,8;3,82;2124360;185608992
12/11/2016;3,81;3,83;3,75;3,76;2592430;184604000
13/11/2016;3,77;3,91;3,69;3,88;3344370;182326000
14/11/2016;3,88;3,89;3,86;3,88;2525810;187836992
15/11/2016;3,89;3,96;3,86;3,89;3032290;188376992
16/11/2016;3,9;4,03;3,9;4,02;4232760;188998000
17/11/2016;4,06;4,07;3,94;3,94;3120160;196572992
18/11/2016;3,96;4;3,94;3,96;2650960;191930000
19/11/2016;3,98;3,98;3,94;3,95;2048720;192896000
20/11/2016;3,97;3,97;3,9;3,92;2680300;192391008
21/11/2016;3,93;3,96;3,92;3,94;1999840;190816000
22/11/2016;3,95;3,97;3,91;3,95;2347880;191848992
23/11/2016;3,97;3,97;3,92;3,93;2184200;192719008
24/11/2016;3,93;3,95;3,89;3,91;2089790;190992000
25/11/2016;3,91;3,92;3,89;3,92;2211790;190123008
26/11/2016;3,92;3,93;3,88;3,89;1782340;190556992
27/11/2016;3,91;3,92;3,88;3,88;1631940;190000992
28/11/2016;3,9;3,91;3,88;3,88;1726410;189560992
29/11/2016;3,89;3,9;3,87;3,87;2436960;189364992
30/11/2016;3,89;3,92;3,88;3,89;1857280;189196000
01/12/2016;3,91;3,92;3,89;3,91;1985600;190306000
02/12/2016;3,92;3,96;3,92;3,95;2559070;190840000
03/12/2016;3,95;3,95;3,91;3,92;1805780;192376000
04/12/2016;3,93;3,95;3,9;3,9;1908090;191594000
05/12/2016;3,88;3,92;3,33;3,53;11106200;189312992
06/12/2016;3,49;3,56;3,49;3,54;3007340;170092992
07/12/2016;3,54;3,63;3,51;3,62;2537240;172683008
08/12/2016;3,6;3,73;3,6;3,69;2683090;175746000
09/12/2016;3,69;3,71;3,68;3,69;1758140;180108992
10/12/2016;3,69;3,7;3,64;3,68;2093810;180350000
11/12/2016;3,69;3,69;3,63;3,64;1948170;180064000
12/12/2016;3,64;3,67;3,62;3,66;2465660;177808000
13/12/2016;3,67;3,7;3,65;3,65;1962750;179068000
14/12/2016;3,66;3,66;3,59;3,62;2618560;178719008
15/12/2016;3,61;3,65;3,6;3,62;2679340;176603008
16/12/2016;3,63;3,65;3,61;3,63;1625780;177348992
17/12/2016;3,63;3,71;3,61;3,7;2559210;177535008
18/12/2016;3,7;3,71;3,66;3,68;1951490;181204000
19/12/2016;3,68;3,68;3,65;3,66;2274070;179952992
20/12/2016;3,66;3,66;3,64;3,66;2335510;179159008
21/12/2016;3,66;3,69;3,65;3,65;2913250;179440992
22/12/2016;3,67;3,75;3,66;3,71;3657740;179542000
23/12/2016;3,72;4,66;3,71;4,66;15539100;182056000
24/12/2016;4,65;4,77;4,42;4,55;19773600;227716000
25/12/2016;4,56;4,57;4,22;4,35;11363100;223316992
26/12/2016;4,35;4,47;4,28;4,36;7603100;213135008
27/12/2016;4,37;4,58;4,33;4,47;9294450;214286000
28/12/2016;4,49;4,67;4,49;4,57;10319300;220199008
29/12/2016;4,58;4,63;4,51;4,56;9352850;224755008
30/12/2016;4,56;4,56;4,29;4,39;11912800;224020992
31/12/2016;4,39;4,4;4,29;4,33;9210720;215734000
01/01/2017;4,33;4,52;4,33;4,51;11337500;212691008
02/01/2017;4,52;4,74;4,48;4,65;14595300;222154000
03/01/2017;4,66;4,73;4,56;4,63;10055700;228878000
04/01/2017;4,63;4,84;4,63;4,84;13762400;227855008
05/01/2017;4,91;4,95;4,23;4,29;19196000;241730000
06/01/2017;4,3;4,35;3,84;3,86;11063700;211688992
07/01/2017;3,86;3,96;3,61;3,96;14628400;190143008
08/01/2017;3,96;4,02;3,9;3,99;11728600;194906000
09/01/2017;4;4,36;3,93;4,3;11165200;196828000
10/01/2017;4,3;4,68;4,29;4,59;15157900;211856992
11/01/2017;4,6;4,64;3,8;3,85;21863300;226516992
12/01/2017;3,84;4,02;3,78;3,96;13690900;189108000
13/01/2017;3,95;3,96;3,8;3,89;7720620;194684000
14/01/2017;3,89;3,95;3,87;3,9;3999180;191987008
15/01/2017;3,89;3,95;3,88;3,93;9341360;191859008
16/01/2017;3,92;3,96;3,87;3,9;8159260;193560000
17/01/2017;3,91;3,95;3,85;3,94;4816480;192814000
18/01/2017;3,94;3,95;3,78;3,84;4321020;194678000
19/01/2017;3,84;3,93;3,81;3,86;4090650;189782000
20/01/2017;3,86;3,91;3,84;3,89;3427180;190692992
21/01/2017;3,89;3,92;3,89;3,9;2717700;192408000
22/01/2017;3,9;3,92;3,82;3,84;2630830;192952992
23/01/2017;3,86;3,86;3,82;3,84;2725110;190716992
24/01/2017;3,84;3,84;3,78;3,79;2629220;189740992
25/01/2017;3,79;3,8;3,69;3,71;6863540;187624992
26/01/2017;3,71;3,84;3,71;3,83;5817220;183872992
27/01/2017;3,84;3,86;3,81;3,86;5049680;190148992
28/01/2017;3,85;3,87;3,84;3,85;3305270;190872000
29/01/2017;3,85;3,86;3,84;3,85;2804420;190872992
30/01/2017;3,86;4,02;3,86;4,02;10192700;191115008
31/01/2017;4,02;4,1;4,02;4,08;15799800;199116000
01/02/2017;4,08;4,13;4,03;4,08;7753930;202128000
02/02/2017;4,08;4,09;4,02;4,09;5175450;202147008
03/02/2017;4,08;4,11;4,04;4,08;8548470;202531008
04/02/2017;4,08;4,1;4,02;4,06;6926300;202727008
05/02/2017;4,07;4,07;4,02;4,04;4635400;201824000
06/02/2017;4,06;4,08;4,04;4,04;4972300;201524992
07/02/2017;4,05;4,08;4,04;4,04;6570650;201352000
08/02/2017;4,05;4,08;3,97;4,02;7016980;201226000
09/02/2017;4,03;4,08;3,71;3,8;21297300;200288000
10/02/2017;3,8;3,81;3,7;3,78;7918280;188980992
11/02/2017;3,78;3,8;3,77;3,79;3340840;187848992
12/02/2017;3,8;3,8;3,75;3,76;2706320;188828992
13/02/2017;3,77;3,77;3,7;3,72;4721650;187506000
14/02/2017;3,72;3,77;3,71;3,77;3994400;184920992
15/02/2017;3,77;3,82;3,76;3,81;2683590;187656992
16/02/2017;3,8;3,82;3,78;3,79;3991580;189087008
17/02/2017;3,78;3,84;3,77;3,83;4001350;188226000
18/02/2017;3,83;3,83;3,78;3,79;3209270;190755008
19/02/2017;3,79;3,79;3,74;3,76;2701490;189048992
20/02/2017;3,77;3,78;3,75;3,77;3128060;187912000
21/02/2017;3,76;3,8;3,76;3,78;4110740;187718000
22/02/2017;3,79;3,84;3,78;3,81;4547610;188960992
23/02/2017;3,8;3,85;3,8;3,84;4096480;189631008
24/02/2017;3,83;3,88;3,82;3,85;6921090;191226000
25/02/2017;3,85;3,86;3,81;3,83;3581200;192344000
26/02/2017;3,82;3,85;3,8;3,83;2688250;190584992
27/02/2017;3,81;3,83;3,8;3,8;3766590;190522000
28/02/2017;3,8;3,82;3,76;3,77;4045440;190098000
01/03/2017;3,77;3,81;3,76;3,8;4405000;188623008
02/03/2017;3,8;4,11;3,78;3,92;9439480;189784992
03/03/2017;3,92;4;3,9;3,92;7515680;196144000
04/03/2017;3,91;3,92;3,86;3,88;3361400;195730000
05/03/2017;3,86;3,9;3,84;3,9;2836910;193336000
06/03/2017;3,87;3,93;3,86;3,92;4393810;193846000
07/03/2017;3,89;3,91;3,8;3,82;5619560;194991008
08/03/2017;3,81;3,82;3,75;3,78;4594400;190712000
09/03/2017;3,77;3,84;3,76;3,84;3092100;188704000
10/03/2017;3,83;3,88;3,73;3,75;7090150;191858000
11/03/2017;3,76;3,84;3,75;3,8;3463740;188428000
12/03/2017;3,79;3,86;3,78;3,84;3373750;189874000
13/03/2017;3,85;4,25;3,83;4,17;22439100;192979008
14/03/2017;4,17;4,17;4,01;4,06;7928910;209412000
15/03/2017;4,05;4,18;4;4,16;6571900;203099008
16/03/2017;4,15;4,38;4,1;4,24;12755200;208204000
17/03/2017;4,23;4,23;4,04;4,06;11109600;212582000
18/03/2017;4,04;4,16;3,86;3,97;12199700;202967008
19/03/2017;3,96;4,03;3,9;3,96;6013050;198800992
20/03/2017;3,95;4,05;3,89;4,03;4068240;198555008
21/03/2017;4,04;4,04;3,98;4,01;4970080;202923008
22/03/2017;3,99;4,01;3,89;3,94;5949960;200520992
23/03/2017;3,93;4;3,92;3,98;3354160;197783008
24/03/2017;3,97;4,13;3,94;4,08;12524300;199924000
25/03/2017;4,07;4,12;3,97;4,07;7904680;205034000
26/03/2017;4,07;4,1;4,03;4,06;3911060;204723008
27/03/2017;4,07;4,14;4,04;4,08;5162690;204792992
28/03/2017;4,07;4,18;4,06;4,16;4297870;205012000
29/03/2017;4,14;4,2;4,09;4,19;8479960;208728000
30/03/2017;4,18;7,04;4,15;6,98;191251008;210627008
31/03/2017;7,02;7,07;5,85;6,67;98922600;353860000
01/04/2017;6,65;6,98;6,31;6,88;57711700;335526016
02/04/2017;6,86;7,94;6,65;7,74;88560400;346208992
03/04/2017;7,74;8,64;7,24;8,07;114179000;390801984
04/04/2017;8,12;8,96;7,53;8,29;129208000;409792992
05/04/2017;8,25;11,42;7,96;11,09;217834000;416432000
06/04/2017;11,12;11,45;9,66;10,25;194300000;561808000
07/04/2017;10,22;10,56;9,19;9,37;94765600;516532992
08/04/2017;9,34;10,35;9,33;9,92;58489100;471828000
09/04/2017;9,89;10,01;8,43;8,71;90963296;499887008
10/04/2017;8,72;9,2;8,19;8,92;74425696;440976992
11/04/2017;8,91;9,28;8,66;8,85;50700000;450735008
12/04/2017;8,83;11,06;8,83;10,79;159255008;446780000
13/04/2017;10,76;10,77;9,93;10,15;64187400;544750976
14/04/2017;10,13;10,51;9,68;10,39;61137000;512838016
15/04/2017;10,34;11;10,2;10,79;47922000;523678016
16/04/2017;10,75;10,9;10,67;10,71;24321400;544262976
17/04/2017;10,6;11,18;10,39;10,42;104055000;536824000
18/04/2017;10,42;10,94;9,97;10,32;83183296;528060000
19/04/2017;10,31;10,35;9,59;9,66;55784900;522923008
20/04/2017;9,63;10,66;9,59;10,33;55828300;488680992
21/04/2017;10,29;11,54;10,16;11,23;99012200;522164992
22/04/2017;11,18;13,07;11,11;13,06;158914000;567233984
23/04/2017;13,07;14,41;12,95;13,94;198452000;663270976
24/04/2017;13,96;14,97;13,33;14,97;60177200;709097984
25/04/2017;14,98;15,43;14,24;15,21;56668300;760872000
26/04/2017;15,21;15,79;14,56;14,85;71308800;772651008
27/04/2017;14,84;15;13,47;14,62;76208000;754472000
28/04/2017;14,59;14,78;14,06;14,34;41067800;741932992
29/04/2017;14,4;15,77;14,36;15,74;45713600;732129024
30/04/2017;15,7;16,07;15,47;15,71;43929100;798742976
01/05/2017;15,71;16,37;14,88;15,92;66989400;799214976
02/05/2017;15,92;16,23;15,15;15,9;38692100;810372992
03/05/2017;15,88;21,8;15,67;21,04;253440992;808246976
04/05/2017;21,04;25,69;20,86;23,39;242912000;1071840000
05/05/2017;23,47;27,85;23,42;26,27;218948992;1195810048
06/05/2017;26,47;28,59;25,49;28,16;108083000;1348870016
07/05/2017;28,2;31,37;28,2;30,29;187718000;1437699968
08/05/2017;30,37;30,74;27,33;28,96;132650000;1548860032
09/05/2017;28,96;33,76;24,49;33,58;251516992;1477510016
10/05/2017;33,3;37,33;31,22;31,96;410465984;1699069952
11/05/2017;32,66;32,91;28,03;30,72;206136992;1666829952
12/05/2017;30,93;31,68;27,37;27,45;110569000;1579239936
13/05/2017;27,22;28,91;25,52;28,91;83564400;1390150016
14/05/2017;29,09;30,45;27,79;28,89;67853200;1486220032
15/05/2017;28,89;28,93;25,19;25,37;97147904;1476700032
16/05/2017;25,34;25,34;22,81;23,33;136875008;1295309952
17/05/2017;23,24;25,95;20,8;25,4;141118000;1188550016
18/05/2017;25,17;29,01;25,12;28,36;115830000;1287209984
19/05/2017;28,29;28,41;26,78;27,7;96923800;1447309952
20/05/2017;27,68;28,16;27,2;27,51;59065000;1416690048
21/05/2017;27,48;28,74;25,73;26,3;104882000;1406610048
22/05/2017;26,14;27,5;23,27;25,38;164828992;1338680064
23/05/2017;25,3;32,11;24,93;32,11;216875008;1296169984
24/05/2017;32,12;35,16;31,71;34,45;196292000;1645910016
25/05/2017;34,47;36,21;28,87;29,9;687651008;1766649984
26/05/2017;30,33;31,32;22,56;23,75;484254016;1554680064
27/05/2017;23,4;25,43;20,1;23,74;505424000;1200169984
28/05/2017;24,01;26,07;22,11;24,22;377039008;1231490048
29/05/2017;24,32;25,69;23,28;25,21;219796000;1248109952
30/05/2017;25,32;26,13;24,03;24,14;216944000;1299459968
31/05/2017;24,29;25,57;23,18;25,3;298675008;1247239936
01/06/2017;25,34;29,62;25,3;28,8;420472992;1301539968
02/06/2017;28,9;29,89;27,74;28,94;332251008;1484470016
03/06/2017;29,04;29,17;26,63;27,66;290556000;1492070016
04/06/2017;27,65;27,94;26,95;27,94;204435008;1421270016
05/06/2017;28,09;30,99;28,09;30,84;366900992;1444259968
06/06/2017;30,84;31,33;29,26;30,55;321099008;1586150016
07/06/2017;30,57;30,68;28,37;28,39;264596992;1572550016
08/06/2017;28,38;30,34;27,88;30,21;229004992;1460359936
09/06/2017;30,19;30,59;29,62;29,68;176840992;1553629952
10/06/2017;29,68;30,59;29,66;30,44;202679008;1528070016
11/06/2017;30,5;33,56;30,16;33,22;406217984;1570429952
12/06/2017;33,23;33,23;27,8;29,5;372663008;1711459968
13/06/2017;29,49;30,64;29,33;30,64;150455008;1519410048
14/06/2017;30,74;32,06;29,32;30,22;278323008;1584220032
15/06/2017;30,22;30,37;27,31;30,22;314502016;1557670016
16/06/2017;30,28;35,7;29,55;35,7;515972992;1561379968
17/06/2017;36,18;49,3;36,18;47,65;1730780032;1866370048
18/06/2017;47,44;47,44;42,43;46,04;1016220032;2447790080
19/06/2017;46,16;53,55;44,99;50,32;1342360064;2382490112
20/06/2017;50,41;51,47;45,75;47,22;612934976;2602589952
21/06/2017;47,3;49,73;44,22;47,79;640054016;2442609920
22/06/2017;47,72;48,85;45,87;47,71;445323008;2465098752
23/06/2017;47,75;48,42;47,27;47,34;284270016;2467283200
24/06/2017;47,25;47,44;44,01;44,49;321214016;2442002688
25/06/2017;44,49;46,22;43,05;43,92;354372000;2300178176
26/06/2017;44,04;44,35;37,55;41,13;538072000;2277348864
27/06/2017;41,13;41,39;36,2;40,54;565265024;2127596032
28/06/2017;40,82;43,61;39,18;42,85;353444000;2111868544
29/06/2017;42,83;42,83;40,35;41,07;300131008;2216710144
30/06/2017;41,04;41,75;40,17;40,35;251184000;2124865536
01/07/2017;40,4;40,58;38,47;38,99;225507008;2092369024
02/07/2017;38,95;43,27;37,8;41,57;315630016;2017568000
03/07/2017;41,48;48,4;40,97;46,43;729937984;2149159936
04/07/2017;46,56;55,42;46,56;55,33;1101750016;2413256960
05/07/2017;55,27;56,03;50,6;53,19;790609024;2865626368
06/07/2017;53,2;53,2;50,12;51,13;461148992;2758682624
07/07/2017;51,1;51,14;45,63;46,58;553712000;2650898688
08/07/2017;46,64;52,75;44,67;52,14;604987008;2420160000
09/07/2017;52,36;53,31;49,53;49,58;409244000;2717949440
10/07/2017;49,91;50,53;44,74;46,58;373252992;2591232256
11/07/2017;46,27;47,39;43,65;45,33;400044992;2403211520
12/07/2017;45,26;49,07;44,07;48,75;369964000;2350964992
13/07/2017;48,72;49,05;45,39;46,33;229104992;2531815168
14/07/2017;46,36;46,48;40,8;42,8;320419008;2409668864
15/07/2017;42,81;42,81;37,78;38,92;327332000;2225556736
16/07/2017;38,92;41,97;36,38;40,91;393366016;2024149888
17/07/2017;41,19;43,07;40,17;42,67;355036000;2142761984
18/07/2017;42,62;45,33;41,47;44,3;380816000;2218087936
19/07/2017;44,35;44,42;40,56;40,86;246376992;2308551680
20/07/2017;40,96;45,45;40,96;45,02;354801984;2132670208
21/07/2017;45,07;47,45;44,52;45,76;286020000;2347578880
22/07/2017;45,77;46,8;45,45;46,56;132333000;2385024256
23/07/2017;46,63;46,64;42,94;44,06;219256992;2430320384
24/07/2017;44,16;44,81;43,29;44,41;158532000;2302370304
25/07/2017;44,48;44,79;41,07;42,24;206307008;2319874816
26/07/2017;42,29;42,7;40,63;42,23;121389000;2206004992
27/07/2017;42,35;42,62;41,39;42,14;81714000;2210021376
28/07/2017;42,22;42,47;35,94;40,61;137556000;2203519488
29/07/2017;40,56;41,34;38,74;41,12;109945000;2117648128
30/07/2017;41,18;41,82;40,06;40,42;75746704;2150971648
31/07/2017;40,34;44,03;38,95;43,02;240820992;2107536000
01/08/2017;43,02;43,77;41,08;43,04;203656000;2248109824
02/08/2017;43,07;43,21;42,07;42,13;103557000;2251649536
03/08/2017;42,19;43,17;42,13;42,86;95497600;2206187008
04/08/2017;42,89;43,71;42,82;43,45;114810000;2243438336
05/08/2017;43,49;46,92;43,48;46,86;248320000;2275088128
06/08/2017;46,85;47,3;45,1;45,1;147891008;2451491840
07/08/2017;45,17;46,48;45,12;45,8;106560000;2364538880
08/08/2017;45,9;49,37;45,79;48,63;205564992;2403230208
09/08/2017;48,59;50,23;47,16;48,01;253103008;2544747776
10/08/2017;48,05;48,51;46,5;46,5;121661000;2517304832
11/08/2017;46,4;47,33;46,4;47,1;137644000;2431826176
12/08/2017;47,05;47,62;46,29;46,43;142064992;2466358528
13/08/2017;46,57;48,07;44,33;45,81;242564992;2441762816
14/08/2017;45,83;46,51;45,43;45,8;114402000;2403865600
15/08/2017;45,81;45,84;42,29;43,31;206080992;2403523328
16/08/2017;43,37;45,06;42,57;44,15;120765000;2275660032
17/08/2017;44,18;44,83;43,78;43,91;104020000;2317998592
18/08/2017;43,9;47,86;43,59;47,28;293350016;2304773120
19/08/2017;47,05;47,08;43,78;45,48;155404000;2471193088
20/08/2017;45,38;47,55;44,75;46,23;138850000;2383682560
21/08/2017;46,19;48,75;45,62;47,94;207172000;2427126784
22/08/2017;47,9;47,9;45,48;46,73;163104000;2517436928
23/08/2017;46,71;54,78;46,48;53,25;447188000;2456093952
24/08/2017;52,82;53,28;50,19;50,19;391342016;2778192128
25/08/2017;50,17;52,13;49,84;51,18;157619008;2639488000
26/08/2017;51,17;52,26;50,45;51,75;126024000;2692561408
27/08/2017;51,8;64,44;51,64;61,16;890545984;2726989568
28/08/2017;61,36;64,92;59,87;62,36;556636992;3231200512
29/08/2017;62,39;63,29;61,26;63,17;294799008;3286605824
30/08/2017;63,16;64,21;60,9;64,17;240308992;3328235008
31/08/2017;64,16;72,28;64,04;71,06;633147008;3381750784
01/09/2017;70,86;87,41;70,01;86,04;1551740032;3735867648
02/09/2017;85,83;92,07;72,23;79,02;1363990016;4526684672
03/09/2017;78,98;82,83;73,61;76,84;675462016;4166595840
04/09/2017;76,73;76,73;61,24;65,21;922041024;4049136128
05/09/2017;65,25;72,44;59,05;71,29;1016089984;3444150784
06/09/2017;71,78;80,64;71,51;80,11;830718016;3789673216
07/09/2017;79,88;81,06;75,59;78,48;526828992;4218685184
08/09/2017;78,45;80,13;63,83;67,79;930673024;4144632832
09/09/2017;67,21;69,55;64,01;66,01;467895008;3551948544
10/09/2017;65,8;65,95;57,06;61,61;529848000;3478396672
11/09/2017;61,65;67,23;61,37;66,04;412076000;3259507712
12/09/2017;66,24;70,25;63,86;64,23;481217984;3503300096
13/09/2017;64,32;64,6;58,93;61,73;501521984;3402820608
14/09/2017;61,64;62,43;41,25;41,58;749713984;3261961216
15/09/2017;41,69;50,65;32,03;48,21;1554339968;2206520064
16/09/2017;48,13;52,83;46,46;48,26;562278016;2548576512
17/09/2017;48,23;49,88;45,12;48,49;245262000;2554446080
18/09/2017;48,53;55,61;48,53;55,53;408675008;2571065600
19/09/2017;55,68;55,88;51,05;52,84;286583008;2950878976
20/09/2017;52,74;53,83;51,25;51,73;160252000;2795877120
21/09/2017;51,66;52,31;45,67;46,61;229363008;2739367424
22/09/2017;46,65;49,09;45,19;48,09;218134000;2474380032
23/09/2017;48,16;49,79;46,69;49,27;142072992;2554895104
24/09/2017;49,25;49,27;47,52;47,62;82147104;2613620480
25/09/2017;47,62;52,44;47,57;51,58;208640992;2527829760
26/09/2017;51,69;53,7;51,08;51,55;173663008;2744544768
27/09/2017;51,58;56,54;51,58;56,28;220363008;2739379968
28/09/2017;56,21;56,67;53,41;54,09;202008992;2986365440
29/09/2017;54,11;54,16;50,42;52,62;186560000;2875464448
30/09/2017;52,63;55,23;52,62;55,14;131446000;2797462784
01/10/2017;55,14;55,16;53,63;54,54;100183000;2931744000
02/10/2017;54,55;54,78;53,26;53,38;95474600;2901266176
03/10/2017;53,39;53,59;51,59;52,35;88516096;2840541952
04/10/2017;52,28;53,05;50,83;51,4;77473400;2782464256
05/10/2017;51,4;51,87;50,44;51,67;69594400;2736261376
06/10/2017;51,64;52,6;51,53;52,12;59355900;2749455872
07/10/2017;52,14;52,75;51,64;52,58;51786200;2776921856
08/10/2017;52,49;54,51;52,26;53,14;100841000;2796638464
09/10/2017;53,08;53,39;48,47;50,16;152366000;2828796160
10/10/2017;50,15;51,67;49,86;50,72;90415504;2673461760
11/10/2017;50,75;51,14;50,32;50,89;57390100;2706062848
12/10/2017;50,89;60,11;50,87;60,11;341368992;2713868544
13/10/2017;60,55;60,96;55,84;59,43;357124000;3230164736
14/10/2017;59,41;66,19;58,6;63,95;313105984;3169873664
15/10/2017;64,13;70,09;62,55;65,47;453940000;3422795520
16/10/2017;65,72;66,34;62,69;64,62;200428000;3508859136
17/10/2017;64,67;64,7;58,85;59,48;205363008;3454036992
18/10/2017;59,59;61,75;53,79;60,73;283868992;3183228928
19/10/2017;60,82;61,29;58,71;59,74;160943008;3250094080
20/10/2017;59,81;61,88;58,56;60,33;150542000;3196872960
21/10/2017;60,3;60,52;56,83;58,2;139503008;3224145920
22/10/2017;58,27;58,65;56,44;56,81;96781400;3116351232
23/10/2017;56,77;56,77;52,87;54,92;177315008;3036832512
24/10/2017;54,96;59,1;53,29;55,96;199788992;2940788480
25/10/2017;55,95;56,58;54,09;56,49;114510000;2994670848
26/10/2017;56,47;57,15;55,28;55,74;81104704;3023148544
27/10/2017;55,67;56,25;55,15;55,33;78923104;2981333504
28/10/2017;55,38;56,13;54,57;54,69;71063200;2966695936
29/10/2017;54,67;57,75;54,49;57,11;138340000;2929275648
30/10/2017;56,84;58,55;56,24;56,39;129287000;3046410752
31/10/2017;56,37;56,79;55,72;55,75;99381104;3021827840
01/11/2017;55,74;55,74;53,18;53,18;112759000;2989137920
02/11/2017;53,56;55,28;50,85;54,74;221076992;2872909312
03/11/2017;54,58;56,29;54,28;56,18;150030000;2928261120
04/11/2017;56,22;56,37;54,94;55,04;83633104;3016939264
05/11/2017;55,03;55,48;54,63;54,75;84302000;2953944320
06/11/2017;54,76;56,17;53,95;55,17;133918000;2940375808
07/11/2017;54,99;63,81;54,99;61,3;402670016;2953400320
08/11/2017;61,11;64,07;60,79;62,57;349454016;3283270656
09/11/2017;62,49;66,84;61,73;64,27;279652992;3358099200
10/11/2017;64,44;65,9;56,91;59,26;291596000;3463644672
11/11/2017;59,35;63,71;59,24;62,3;272494016;3191154688
12/11/2017;62,31;62,31;57,41;59,01;322820000;3351305472
13/11/2017;59,18;62,76;58,85;61,4;237478000;3183829504
14/11/2017;61,64;63,81;60,87;62,68;174111008;3317407488
15/11/2017;62,78;65,52;62,71;63,82;194636000;3379203328
16/11/2017;63,81;72,48;62,94;71,06;418128992;3435692800
17/11/2017;70,45;71,12;65,78;67,57;350504992;3794082048
18/11/2017;67,41;69,77;65,71;69,64;174063008;3631115264
19/11/2017;69,51;72,98;68,6;71,59;243056992;3745705472
20/11/2017;71,41;72,92;70,79;72,25;188976000;3849385216
21/11/2017;72,2;72,53;68,11;70,03;231664992;3892857344
22/11/2017;70,18;71,95;70,18;71,89;157890000;3785256704
23/11/2017;71,98;76,4;70,9;73,22;315247008;3882945280
24/11/2017;73,14;77,97;72,81;77,97;287392000;3946906368
25/11/2017;77,91;89,37;77,52;88,82;487896992;4205224448
26/11/2017;88,94;88,94;84,02;85,93;357456992;4801833472
27/11/2017;85,89;93,29;85,89;91,6;429591008;4638578688
28/11/2017;91,72;96,03;90,34;96,03;388931008;4955287040
29/11/2017;96,01;104,61;81,77;85,57;786819968;5188578304
30/11/2017;86,25;93,54;78,08;88,33;481948000;4662335488
01/12/2017;88;100,41;83,74;99;561342976;4758600704
02/12/2017;98,94;103,79;98,32;100,28;402553984;5351332352
03/12/2017;100,19;106,39;98,1;101,26;364022016;5420383744
04/12/2017;101,4;104,24;96,53;104,24;331151008;5486739968
05/12/2017;104,28;104,3;101,84;102,4;328726016;5644393472
06/12/2017;102,48;104,82;97,31;100,35;547512000;5548858880
07/12/2017;99,98;101,34;92,27;98,29;645691008;5415711232
08/12/2017;98,33;133,07;95,4;124,85;1515559936;5327913984
09/12/2017;127,48;171,55;126,59;155,24;2436539904;6910362624
10/12/2017;155,63;155,63;130,16;148,66;1087340032;8438843392
11/12/2017;148,26;225,29;147,34;214,2;2913979904;8042024448
12/12/2017;212,46;341,72;209,68;316,16;6961679872;11528616960
13/12/2017;315,36;341,8;287,48;302,6;3409789952;17116495872
14/12/2017;301,2;311,32;265,66;279,33;2114880000;16352444416
15/12/2017;280,97;316,41;251,22;299,78;2599940096;15258528768
16/12/2017;299,34;309,9;290,13;298,97;1291379968;16260694016
17/12/2017;301,78;332,59;301,78;318,72;1703580032;16398776320
18/12/2017;318,95;360,93;302;358,34;1966599936;17336522752
19/12/2017;359,13;375,29;335,67;350,25;2150479872;19525496832
20/12/2017;349,6;349,6;308,63;314,62;2104060032;19012485120
21/12/2017;314,66;339,74;299,53;317,46;1555939968;17116570624
22/12/2017;319,26;320,3;187,48;264,93;2938040064;17371160576
23/12/2017;269,27;312,67;261,64;288,27;1352579968;14655179776
24/12/2017;291,01;291,01;251,04;275,98;1122909952;15842852864
25/12/2017;277,49;286,79;269,57;273,39;804377024;15111378944
26/12/2017;273,11;289,51;272,26;286,5;842993024;14876359680
27/12/2017;286,59;290,94;264,42;272,17;777137984;15615172608
28/12/2017;272,13;273,18;231,38;249,93;2593240064;14831169536
29/12/2017;250,35;258,04;238,33;245,5;1392210048;13648172032
30/12/2017;245,09;245,43;208,2;218,96;943667008;13364835328
31/12/2017;216,98;237,79;213,81;232,1;771041984;11835068416
01/01/2018;231,67;236,63;222,2;229,03;633142016;12639723520
02/01/2018;228,99;263,63;228,99;255,68;1237949952;12496864256
03/01/2018;255,7;260,74;243,13;245,37;3215280128;13957778432
04/01/2018;245,48;245,48;227,01;241,37;3481550080;13403430912
05/01/2018;241,03;256,15;237,88;249,27;1710599936;13164752896
06/01/2018;249,77;323,11;249,41;296,45;2264740096;13645323264
07/01/2018;296,05;305,53;281,93;288,45;1055400000;16178132992
08/01/2018;287,73;289,07;237,66;255,76;1182080000;15726841856
09/01/2018;254,61;258,5;240,18;247,04;940825024;13920167936
10/01/2018;248,07;251,05;233,86;250,52;1009910016;13566328832
11/01/2018;251,52;255,05;223;229,37;1079389952;13758439424
12/01/2018;229,79;243,59;224,82;236,86;691160000;12572908544
13/01/2018;236,88;263,2;236,88;259,19;961043008;12964336640
14/01/2018;260,58;270,85;234,27;238,68;886414976;14264978432
15/01/2018;237,29;245;232,77;232,77;601769984;12993735680
16/01/2018;232,82;232,82;152,29;188,33;1405069952;12752120832
17/01/2018;190,15;197,79;141,01;186,52;1422489984;10417767424
18/01/2018;186,95;207,02;176,83;192,84;936784000;10245467136
19/01/2018;191,19;202,07;186,94;192,96;560284032;10480786432
20/01/2018;194,38;214,59;194,38;211,02;540785984;10658312192
21/01/2018;211,24;211,24;184,64;190,42;463516000;11585668096
22/01/2018;191,79;195,25;166,88;180,01;494091008;10521856000
23/01/2018;180,28;186,31;165,73;177,81;441764992;9892993024
24/01/2018;178,43;186,28;173,72;179,99;375948992;9793777664
25/01/2018;181,56;185,42;176,35;180,27;363137984;9968751616
26/01/2018;179,82;182,89;167,08;176,73;375476992;9875593216
27/01/2018;176,66;183,15;174,88;180,89;291632992;9705022464
28/01/2018;181,42;194,68;181,42;193,87;363515008;9969418240
29/01/2018;193,75;194,39;179,23;181,66;303560992;10649768960
30/01/2018;181,45;181,52;163,03;165,28;433227008;9976165376
31/01/2018;165,3;167,07;157,65;163,35;363292992;9090868224
01/02/2018;163,68;165,81;131,55;142,3;539880000;9004326912
02/02/2018;142,56;142,56;105,35;131,38;815539968;7844713984
03/02/2018;131,4;165,55;121,17;160,25;687676032;7232407552
04/02/2018;160,38;173,8;139,69;148,02;1006080000;8829970432
05/02/2018;148,73;153,52;118,15;125,33;844678016;8190577664
06/02/2018;127,52;146,11;106,94;142,99;1148409984;7024631808
07/02/2018;142,48;157,9;131,52;138,2;817808000;7851097088
08/02/2018;138,34;151,08;138,34;149,47;869206976;7624625664
09/02/2018;149,73;163,98;142,59;163,95;722204992;8254980608
10/02/2018;163,49;169,33;149,14;155,59;576328000;9015892992
11/02/2018;155,39;155,73;142,61;148,99;495720000;8571530240
12/02/2018;150,1;163,35;150,1;161,57;535710016;8282046464
13/02/2018;161,77;162,37;153,51;159,55;483468000;8928364544
14/02/2018;159,58;218,23;159,58;213,36;2383340032;8809590784
15/02/2018;212,35;237,88;211,17;225,43;2087289984;11725707264
16/02/2018;225,5;236,09;212,33;230,12;1300089984;12455320576
17/02/2018;229,5;233,45;225,6;229,46;863401024;12679666688
18/02/2018;230,51;232,64;214,46;215,74;1011120000;12738810880
19/02/2018;215,41;226,97;215,38;223,06;767596992;11907919872
20/02/2018;223,09;253,9;222,51;232,85;1739670016;12335100928
21/02/2018;230,95;235,41;208,93;213,35;1195820032;12773185536
22/02/2018;212,84;222,77;191,81;195,31;974379008;11774828544
23/02/2018;194,19;216,13;184,07;209,31;1065680000;10746064896
24/02/2018;210,64;220,31;197,88;209,42;937312000;11659208704
25/02/2018;208,13;225,55;202,37;220,48;1028590016;11523484672
26/02/2018;222,14;234,42;218,74;220,96;1297080064;12302045184
27/02/2018;221,71;224,21;215,84;216,6;856454016;12281581568
28/02/2018;217,28;223,51;202,71;202,9;761321984;12039226368
01/03/2018;203,12;214,7;201,54;209,75;678542016;11257604096
02/03/2018;209,55;213,13;204,88;212,56;627142016;11617296384
03/03/2018;213,84;217,76;209,54;210,64;681865984;11857976320
04/03/2018;210,24;214,12;205,36;213,8;574675008;11661352960
05/03/2018;213,74;215,98;209,25;211,18;594828992;11858779136
06/03/2018;210,51;210,51;193,16;196,6;661078016;11683020800
07/03/2018;196,83;199,27;175,65;185,84;755924992;10926503936
08/03/2018;185,7;188,15;176,17;176,51;612508992;10311636992
09/03/2018;176,48;189,91;160,43;187,17;943363968;9802407936
10/03/2018;188,11;194,65;176,54;177,73;625808000;10450964480
11/03/2018;177,51;193,48;172,47;188,95;669377984;9864710144
12/03/2018;189,02;193,34;175,88;178,23;567628992;10506665984
13/03/2018;177,6;181,87;172,26;175,78;468094016;9874531328
14/03/2018;175,94;177,55;158,63;161,1;480652992;9785034752
15/03/2018;161,2;167,33;151,48;164,48;564609024;8967723008
16/03/2018;164,82;171,26;158,99;165,45;436628000;9171156992
17/03/2018;165,19;165,22;151,06;152,97;403808992;9194361856
18/03/2018;152,54;156,15;138,02;154,07;595955008;8492466176
19/03/2018;155,48;163,05;151,66;161,14;504832992;8658187264
20/03/2018;161,52;173,3;156,82;168,82;492892000;8997259264
21/03/2018;169,56;175,26;166,62;169,05;462536000;9447222272
22/03/2018;168,72;172,31;161,11;163,67;404996992;9403215872
23/03/2018;163,58;167,83;157,26;167,83;348056000;9118936064
24/03/2018;168,53;168,65;159,63;159,63;290270016;9397289984
25/03/2018;158,86;162,72;157,52;160,08;241431008;8860500992
26/03/2018;160,16;160,99;143,12;149,22;407135008;8935555072
27/03/2018;148,96;149,62;135,78;135,78;385104000;8312704000
28/03/2018;135,49;140,13;131,03;131,75;328374016;7563032576
29/03/2018;131,93;132,61;113,93;114,68;476804000;7365946880
30/03/2018;114,8;124,9;110,26;118,6;468439008;6411740672
31/03/2018;118,64;123,87;116,18;116,61;295439008;6627587584
01/04/2018;116,9;117,83;110,52;115,22;274182016;6532612096
02/04/2018;115,24;121,42;114,72;119,31;271703008;6441123840
03/04/2018;119,51;136,45;118,58;134,47;375408992;6681652736
04/04/2018;133,91;134,61;116,58;118,41;380351008;7488695296
05/04/2018;118,21;121,29;114,47;119,13;294022016;6612513280
06/04/2018;118,82;119,93;112,79;113,15;233190000;6648252928
07/04/2018;113,14;119,38;113,1;116,26;211470000;6332129280
08/04/2018;116,29;118,55;115,95;117,67;194664000;6510417408
09/04/2018;117,78;122,43;113,32;114,99;260171008;6595641344
10/04/2018;115,21;115,4;112,52;114,26;202879008;6453325312
11/04/2018;114,29;119,09;113,33;118,29;230068992;6403269632
12/04/2018;118,29;129,34;113,55;129,34;587510976;6629029376
13/04/2018;129,27;133,04;124,06;125,35;458040000;7246455296
14/04/2018;125,22;129,34;124,77;126,29;258806000;7021249024
15/04/2018;126,67;132,04;126,67;132,04;274427008;7104121344
16/04/2018;131,97;132,63;125,24;128,34;290855008;7403396096
17/04/2018;128,71;139,65;128,71;132,93;532336000;7222476288
18/04/2018;132,38;140,85;132,38;140;381161984;7430166016
19/04/2018;140,04;146,87;138,96;146,3;408736000;7862482432
20/04/2018;146,5;155,72;143,84;155,54;491945984;8227476992
21/04/2018;155,68;156,61;142,18;148,93;482924000;8745564160
22/04/2018;148,61;152,23;145,31;146,77;338735008;8350284288
23/04/2018;146,67;152,77;146,67;152,25;376060000;8243878912
24/04/2018;152,57;165,94;152,57;165,78;643558016;8578016256
25/04/2018;165,09;165,09;142,59;144,76;613467008;9284025344
26/04/2018;144,7;153,82;142,64;153,68;412436992;8139352064
27/04/2018;153,44;153,62;145,9;145,9;386742016;8633465856
28/04/2018;145,74;153,33;145,74;152,3;337116992;8202219520
29/04/2018;152,16;155,62;148,9;153,63;388081984;8566101504
30/04/2018;153,65;154,08;147,87;148,48;341396992;8651813888
01/05/2018;148,34;148,54;143,94;148,49;342152000;8355631616
02/05/2018;148,45;152,89;146,98;151,58;354656992;8363527680
03/05/2018;151,86;164;151,01;161,46;617984000;8557951488
04/05/2018;160,47;170,38;157,94;168,79;633054976;9045432320
05/05/2018;168,35;181,63;168,35;177,76;741246016;9492240384
06/05/2018;178,02;182,88;166,18;171,8;626270016;10040364032
07/05/2018;171,76;171,92;158,93;164,88;573281024;9689920512
08/05/2018;164,83;167,98;158,16;159,62;466308992;9301440512
09/05/2018;159,62;159,62;152,6;157,05;448136000;9009637376
10/05/2018;157,15;160,34;149,34;149,87;426694016;8872743936
11/05/2018;149,45;149,45;134,73;137,12;530416000;8439917568
12/05/2018;137,26;144,42;132,59;141,88;410184992;7753639424
13/05/2018;141,8;147,25;137,65;144,59;383224000;8012235776
14/05/2018;144,62;152,15;136,07;147,71;584222016;8174197248
15/05/2018;147,49;149,38;138,57;139,88;415984992;8338178048
16/05/2018;139,65;140,65;135,28;139,27;351689984;7897015296
17/05/2018;139,56;141,17;131,95;132,77;320248992;7894057472
18/05/2018;132,7;137,05;129,7;136,06;371688000;7508241408
19/05/2018;135,96;137,5;133,87;135,32;310963008;7694739968
20/05/2018;135,27;140,32;133,79;139,7;324983008;7657331200
21/05/2018;139,64;139,64;133,93;134,51;308376992;7906982400
22/05/2018;134,26;135,6;128,33;128,68;294447008;7604067840
23/05/2018;128,81;129,33;117,35;119,31;373329984;7297186816
24/05/2018;119,19;124,37;115,89;122,61;345857984;6754483200
25/05/2018;122,56;124,2;117,82;119,44;297743008;6946967040
26/05/2018;119,35;122,25;117,87;118,28;275851008;6766695936
27/05/2018;118,5;118,85;116,99;117,99;258727008;6720324608
28/05/2018;117,93;119,08;111,48;111,6;295723008;6689479168
29/05/2018;111,84;121,96;110,9;119,57;350520000;6345820160
30/05/2018;119,54;122,38;116,02;117,53;305275008;6784175616
31/05/2018;117,32;120,59;116,64;118,07;297183008;6659586560
01/06/2018;118,03;120,2;117,12;119,92;290886016;6701526528
02/06/2018;119,83;123,89;118,96;123,31;310800000;6805428736
03/06/2018;123,29;127,37;122,37;125,5;322787008;7003429888
04/06/2018;125,21;126,33;118,73;119,9;299780992;7114600448
05/06/2018;119,9;122,01;116,44;121,7;300892000;6814303232
06/06/2018;121,89;122,14;118,56;121,18;324158016;6929526784
07/06/2018;121,34;123,18;119,62;121,43;365670016;6900218368
08/06/2018;121,52;121,95;118,71;120,08;285831008;6912172032
09/06/2018;120,11;121,03;117,74;117,74;242235008;6833842176
10/06/2018;117,56;117,56;104,08;107,04;399889984;6690695168
11/06/2018;106,54;108,85;104,12;107,52;331430016;6064930304
12/06/2018;107,43;108,06;99,37;100,75;333163008;6116838912
13/06/2018;100,8;100,95;91,29;94,08;360492992;5740973056
14/06/2018;93,99;102,42;93,61;101,15;367742016;5354696192
15/06/2018;101,11;101,11;95,6;96,68;293284992;5761815040
16/06/2018;96,58;98,35;93,97;97,58;259324992;5504581632
17/06/2018;97,72;98,66;95,53;96,1;242331008;5570892288
18/06/2018;95,77;99,81;93,91;98,82;282937984;5461458944
19/06/2018;98,73;100,82;97,4;98,84;284982016;5631285760
20/06/2018;98,96;99,2;95,97;97,99;261392000;5645734400
21/06/2018;97,88;98,87;96,36;96,93;261544000;5585768960
22/06/2018;96,94;97,12;81,4;85,08;458636992;5533548544
23/06/2018;85,09;86,36;81,64;82,6;439203008;4858417664
24/06/2018;82,74;83,39;74,29;80,78;449884992;4725186560
25/06/2018;80,37;86,07;79,02;81,83;458366016;4590839808
26/06/2018;81,82;82,5;76,85;76,87;258432992;4674782720
27/06/2018;76,93;81,34;75,86;80,66;274128000;4396791808
28/06/2018;80,63;81,04;74,44;74,93;263414000;4608938496
29/06/2018;74,81;80,18;73,17;78,77;309339008;4277417216
30/06/2018;78,95;83,24;78,95;81,37;276550016;4515206656
01/07/2018;81,5;81,61;78,36;80,24;343401984;4662743552
02/07/2018;80,27;86,27;78,69;85,26;302471008;4593142272
03/07/2018;85,39;89,28;84,73;85,1;343900992;4887240704
04/07/2018;85,17;89,12;84,02;85,49;282222016;4876069888
05/07/2018;85,65;86,67;82,54;83,76;306121984;4904713728
06/07/2018;83,84;84,6;81,32;83,38;253160000;4801846272
07/07/2018;83,4;86,2;80,7;86,2;238936992;4778263040
08/07/2018;86,26;86,68;82,18;82,4;239655008;4943294976
09/07/2018;82,54;83,26;80,75;80,86;263326000;4731466752
10/07/2018;80,78;80,88;75,38;76,08;321614016;4631732736
11/07/2018;76,13;80,8;76,07;78,7;284915008;4365966336
12/07/2018;78,59;78,59;75,31;76,81;267396992;4508378112
13/07/2018;77,29;78,43;76,11;76,94;256038000;4434774016
14/07/2018;76,97;77,54;76,18;76,72;197776000;4417607680
15/07/2018;76,7;79,65;76,02;78,94;230467008;4403316224
16/07/2018;78,96;84,6;78,21;84,6;307904000;4533967872
17/07/2018;84,3;90,31;83;89,81;341836000;4842040320
18/07/2018;89,82;93,65;86,03;86,96;375428992;5160439296
19/07/2018;86,9;88,83;85,79;86,67;307785984;4993766400
20/07/2018;86,68;86,68;82,42;82,75;287448000;4982581760
21/07/2018;82,66;85,25;80,67;84,46;246152992;4752437760
22/07/2018;84,26;84,63;82,87;83,16;245916992;4845894144
23/07/2018;83,23;86,05;82,31;82,43;296071008;4787584512
24/07/2018;82,68;89,29;81,93;89,29;440572992;4757311488
25/07/2018;88,66;89,92;85,41;86,28;310156992;5102444544
26/07/2018;86,28;88,02;83,19;84,03;286579008;4966806528
27/07/2018;83,73;85,22;82,04;84,46;358798016;4821521408
28/07/2018;84,54;84,63;82,83;83,62;279804992;4869081088
29/07/2018;84,05;85,21;83,38;84,08;276696000;4842466816
30/07/2018;84,15;84,71;80,6;82,85;313998000;4849456855
31/07/2018;82,69;82,94;76,81;79,7;319362000;4766077935
